distance_1,distance_10,distance_11,distance_2,distance_3,distance_4,distance_5,distance_6,distance_7,distance_8,distance_9,eta_1,eta_10,eta_11,eta_2,eta_3,eta_4,eta_5,eta_6,eta_7,eta_8,eta_9,plan_time,price_1,price_10,price_11,price_2,price_3,price_4,price_5,price_6,price_7,price_8,price_9,sessionID,system_recommended_mode
28788.0,28310.0,,,24421.0,24421.0,,,33441.0,,31884.0,6330.0,2636.0,,,1738.0,1798.0,,,3775.0,,3535.0,2018-10-04 17:51:44,300.0,3400.0,,,,6500.0,,,3000.0,,2800.0,274552,10
24710.0,,,,25328.0,25328.0,,,28390.0,,,6804.0,,,,4044.0,4224.0,,,5417.0,,,2018-11-07 08:52:28,600.0,,,,,9900.0,,,800.0,,,3239798,7
15667.0,,,,15942.0,15942.0,,,16440.0,15679.0,16076.0,5017.0,,,,2424.0,2544.0,,,4231.0,4103.0,3173.0,2018-11-03 09:10:11,400.0,,,,,4700.0,,,900.0,2300.0,500.0,1844306,7
2012.0,,,2562.0,1940.0,1940.0,1673.0,1900.0,,,,1774.0,,,1419.0,426.0,606.0,1532.0,574.0,,,,2018-11-22 10:02:38,200.0,,,300.0,,1300.0,,,,,,1239773,2
,,,,643.0,,339.0,438.0,,,,,,,,167.0,,289.0,129.0,,,,2018-11-25 10:34:01,,,,,,,,,,,,3244003,5
25168.0,,27457.0,29496.0,24600.0,24600.0,,,,,,4949.0,,4762.0,5951.0,2268.0,2508.0,,,,,,2018-10-03 18:44:58,600.0,,800.0,600.0,,6800.0,,,,,,1576077,11
,,,23906.0,23564.0,23564.0,,,,,21160.0,,,,4086.0,2846.0,3026.0,,,,,3906.0,2018-11-26 15:40:32,,,,500.0,,6200.0,,,,,500.0,850932,2
5920.0,,,,5894.0,5894.0,,5441.0,,,,2639.0,,,,688.0,928.0,,1644.0,,,,2018-10-24 12:19:00,200.0,,,,,1500.0,,,,,,943909,1
80351.0,,,,79729.0,79729.0,,,77508.0,,,11071.0,,,,6600.0,6900.0,,,9447.0,,,2018-11-25 09:55:30,1700.0,,,,,23600.0,,,1900.0,,,3257722,7
,,,,44670.0,44670.0,,,51844.0,,49569.0,,,,,5330.0,5450.0,,,8779.0,,6518.0,2018-11-16 16:43:04,,,,,,16400.0,,,2000.0,,700.0,3078360,3
,,,13596.0,14715.0,14715.0,,,,,,,,,2330.0,2418.0,2538.0,,,,,,2018-11-22 15:48:58,,,,500.0,,3800.0,,,,,,1237922,2
52579.0,47662.0,,,44927.0,44927.0,,,53528.0,,,8703.0,5305.0,,,3680.0,3680.0,,,6323.0,,,2018-10-07 11:37:16,3000.0,7400.0,,,,13900.0,,,3300.0,,,2492641,7
25198.0,26036.0,,24597.0,26965.0,26965.0,,,,,,8231.0,4243.0,,4241.0,5105.0,5225.0,,,,,,2018-10-29 17:50:46,600.0,3300.0,,600.0,,11700.0,,,,,,823595,2
,,,,56686.0,56686.0,,,71836.0,,,,,,,4787.0,4787.0,,,9642.0,,,2018-10-25 16:10:28,,,,,,18800.0,,,1300.0,,,2325831,7
,16200.0,,14693.0,17042.0,17042.0,,,,,,,2843.0,,2506.0,2472.0,2772.0,,,,,,2018-10-27 20:25:58,,1800.0,,500.0,,4300.0,,,,,,1478622,2
16753.0,,,25296.0,13164.0,13164.0,,,,,,5437.0,,,3841.0,1475.0,1775.0,,,,,,2018-11-10 13:42:13,400.0,,,600.0,,3800.0,,,,,,29683,2
10164.0,,,,6443.0,6443.0,,6495.0,7284.0,,12146.0,3523.0,,,,1027.0,1207.0,,1962.0,2747.0,,2343.0,2018-11-28 16:24:37,200.0,,,,,2100.0,,,500.0,,400.0,1553516,7
,,,8707.0,8389.0,8389.0,,8491.0,,,8707.0,,,,1996.0,1634.0,1874.0,,2569.0,,,1897.0,2018-10-21 14:42:30,,,,400.0,,3300.0,,,,,400.0,2686202,9
5279.0,,,,5138.0,5138.0,4060.0,5084.0,,,,2636.0,,,,1134.0,1314.0,3687.0,1539.0,,,,2018-11-23 18:50:04,200.0,,,,,2300.0,,,,,,537922,1
,12758.0,,11312.0,11135.0,11135.0,,9092.0,11856.0,,11052.0,,2566.0,,3035.0,2214.0,2394.0,,2745.0,3355.0,,2565.0,2018-11-11 18:34:52,,1700.0,,400.0,,3500.0,,,600.0,,400.0,574087,9
,,,11896.0,9830.0,9830.0,,9434.0,,,11896.0,,,,2411.0,2667.0,2967.0,,2851.0,,,2093.0,2018-10-30 10:29:01,,,,400.0,,3400.0,,,,,400.0,2796680,9
4553.0,,,,2329.0,2329.0,2085.0,1493.0,,,,2745.0,,,,770.0,1010.0,1934.0,449.0,,,,2018-10-21 11:35:49,200.0,,,,,1300.0,,,,,,2705416,6
,,,8620.0,7273.0,7273.0,,6981.0,,,,,,,1832.0,1597.0,1837.0,,2107.0,,,,2018-11-01 18:25:05,,,,400.0,,3100.0,,,,,,2616083,2
,,,,2231.0,2231.0,1074.0,1399.0,,,,,,,,648.0,948.0,919.0,422.0,,,,2018-10-16 20:59:08,,,,,,1300.0,,,,,,3337654,5
7843.0,,,,9634.0,9634.0,,6247.0,6380.0,,,2481.0,,,,1418.0,1658.0,,1888.0,2410.0,,,2018-10-21 13:47:38,200.0,,,,,3000.0,,,500.0,,,2707344,7
22694.0,,,,19241.0,19241.0,,,24239.0,,22960.0,5950.0,,,,1778.0,2018.0,,,5186.0,,3958.0,2018-10-04 12:51:05,600.0,,,,,5400.0,,,700.0,,500.0,333738,9
4124.0,,,5022.0,5583.0,5583.0,3706.0,3688.0,,,5199.0,1528.0,,,1726.0,841.0,1141.0,3301.0,1111.0,,,1535.0,2018-10-05 17:00:53,200.0,,,300.0,,1900.0,,,,,300.0,400854,1
5337.0,,,,4954.0,4954.0,4832.0,4834.0,,,,3455.0,,,,773.0,773.0,4265.0,1457.0,,,,2018-10-24 11:43:09,200.0,,,,,1500.0,,,,,,956146,1
1926.0,,,,1728.0,1728.0,1501.0,1732.0,,,,1176.0,,,,377.0,677.0,1315.0,522.0,,,,2018-10-05 17:24:57,200.0,,,,,1300.0,,,,,,416247,1
12733.0,,,10511.0,9004.0,9004.0,,,,,,6435.0,,,4461.0,1914.0,2154.0,,,,,,2018-10-31 08:46:23,400.0,,,400.0,,4100.0,,,,,,85299,2
,21780.0,,17556.0,19620.0,19620.0,,,17112.0,,17922.0,,3358.0,,3988.0,2379.0,2619.0,,,3982.0,,3365.0,2018-10-01 14:41:00,,3300.0,,500.0,,5700.0,,,700.0,,500.0,784241,9
,,,,78574.0,78574.0,,,96458.0,,,,,,,5118.0,5418.0,,,8773.0,,,2018-11-24 17:39:47,,,,,,21300.0,,,,,,3357856,7
,,,,53350.0,53350.0,,,57554.0,,,,,,,5828.0,5948.0,,,9179.0,,,2018-11-20 13:21:01,,,,,,15600.0,,,900.0,,,2190644,7
1881.0,,,,1827.0,1827.0,1829.0,1829.0,,,,1536.0,,,,318.0,318.0,1637.0,551.0,,,,2018-10-23 22:13:15,200.0,,,,,1300.0,,,,,,1681914,3
,,,16935.0,16986.0,16986.0,,,17929.0,,17010.0,,,,3198.0,2379.0,2559.0,,,4459.0,,3151.0,2018-11-17 21:20:29,,,,500.0,,6000.0,,,600.0,,500.0,2876633,2
,,,30000.0,37359.0,37359.0,,,,,,,,,3702.0,4995.0,5055.0,,,,,,2018-10-28 08:45:48,,,,600.0,,11400.0,,,,,,661297,2
2786.0,,,,2881.0,2881.0,2220.0,2226.0,,,,2150.0,,,,968.0,1268.0,2060.0,670.0,,,,2018-11-14 15:46:16,200.0,,,,,1500.0,,,,,,2421449,1
58996.0,,57023.0,,55052.0,55052.0,,,,,,9214.0,,8433.0,,3699.0,3939.0,,,,,,2018-10-05 22:13:13,1300.0,,1100.0,,,16900.0,,,,,,354088,4
14696.0,,,14432.0,16908.0,16908.0,,,,,15226.0,4818.0,,,3223.0,2281.0,2461.0,,,,,3074.0,2018-11-20 08:28:18,500.0,,,500.0,,5300.0,,,,,500.0,2212194,2
,,,32229.0,25320.0,25320.0,,,,,32323.0,,,,3778.0,3876.0,4116.0,,,,,3640.0,2018-10-11 09:16:32,,,,600.0,,8800.0,,,,,600.0,1957905,9
,,,,447.0,,440.0,440.0,,,,,,,,151.0,,377.0,132.0,,,,2018-11-10 19:12:02,,,,,,,,,,,,22307,5
3688.0,,,4005.0,3740.0,3740.0,2999.0,3736.0,,,,2347.0,,,1571.0,699.0,819.0,2770.0,1128.0,,,,2018-10-30 17:34:55,200.0,,,300.0,,1800.0,,,,,,2818406,2
,,,23854.0,22324.0,22324.0,,,26935.0,,,,,,6838.0,3786.0,3906.0,,,7863.0,,,2018-10-25 08:07:43,,,,500.0,,16800.0,,,900.0,,,2319412,2
45234.0,,,,44475.0,44475.0,,,47960.0,,,8587.0,,,,3091.0,3091.0,,,7582.0,,,2018-11-09 05:23:48,1000.0,,,,,13700.0,,,1200.0,,,494874,7
5193.0,,,4551.0,3840.0,3840.0,4268.0,4268.0,,,,3326.0,,,2088.0,1504.0,1804.0,3883.0,1288.0,,,,2018-11-15 18:33:35,400.0,,,300.0,,2400.0,,,,,,679054,2
,,,11114.0,,,,,12647.0,,,,,,2265.0,,,,,3375.0,,,2018-11-26 10:43:53,,,,400.0,,,,,600.0,,,869775,2
7639.0,,,,7525.0,7525.0,,6984.0,,,,2925.0,,,,982.0,1282.0,,2111.0,,,,2018-11-08 18:02:30,200.0,,,,,2800.0,,,,,,1066805,1
23210.0,25001.0,,,22232.0,22232.0,,,25324.0,,23346.0,4907.0,3739.0,,,2159.0,2339.0,,,4437.0,,3669.0,2018-10-23 18:33:35,700.0,2400.0,,,,6900.0,,,800.0,,500.0,1699215,9
3006.0,,,,2508.0,2508.0,1260.0,2419.0,,,,1846.0,,,,371.0,551.0,1079.0,729.0,,,,2018-10-19 19:43:35,200.0,,,,,1300.0,,,,,,2126113,4
,,,,36503.0,,,,45862.0,,,,,,,3595.0,,,,6574.0,,,2018-10-19 12:58:46,,,,,,,,,1100.0,,,2166021,7
21840.0,,19633.0,,17130.0,17130.0,,,19586.0,,,4592.0,,3947.0,,1792.0,1972.0,,,4257.0,,,2018-10-17 11:53:11,500.0,,700.0,,,4300.0,,,700.0,,,230770,11
12410.0,,,,9595.0,9595.0,,9161.0,,,,3337.0,,,,1271.0,1391.0,,2771.0,,,,2018-11-30 20:45:10,300.0,,,,,3100.0,,,,,,2429315,1
28843.0,,,,27172.0,27172.0,,,29181.0,,,5690.0,,,,2271.0,2511.0,,,6019.0,,,2018-11-16 23:05:31,600.0,,,,,8700.0,,,900.0,,,3055598,3
6228.0,,,,5683.0,5683.0,,5859.0,,,,2657.0,,,,1081.0,1261.0,,1772.0,,,,2018-11-13 13:42:57,200.0,,,,,1700.0,,,,,,1919407,1
63718.0,,,,67173.0,67173.0,,,74321.0,69272.0,,11625.0,,,,4173.0,4353.0,,,9797.0,6377.0,,2018-11-25 08:45:37,1400.0,,,,,18800.0,,,,3800.0,,3273812,8
,18388.0,,15458.0,13978.0,13978.0,,,,,,,2735.0,,2889.0,2496.0,2736.0,,,,,,2018-11-09 07:36:48,,1900.0,,500.0,,6100.0,,,,,,473515,2
,,,,11217.0,11217.0,,,8764.0,,7794.0,,,,,2471.0,2651.0,,,2575.0,,1590.0,2018-10-27 15:06:22,,,,,,4000.0,,,500.0,,300.0,1463990,9
83494.0,,,,69681.0,69681.0,,,,,,11174.0,,,,3901.0,4081.0,,,,,,2018-10-18 11:45:35,1900.0,,,,,18500.0,,,,,,2755550,3
33004.0,36741.0,,,31281.0,31281.0,,,36983.0,,,9555.0,4738.0,,,2659.0,2959.0,,,6445.0,,,2018-11-16 11:15:52,800.0,3200.0,,,,8200.0,,,800.0,,,3086770,7
10181.0,,,,8343.0,8343.0,,7811.0,,,,3850.0,,,,1786.0,1966.0,,2360.0,,,,2018-10-18 09:22:04,200.0,,,,,3400.0,,,,,,2736185,1
,29242.0,,27618.0,25687.0,25687.0,,,27862.0,,27210.0,,4173.0,,4482.0,4151.0,4331.0,,,5051.0,,4256.0,2018-11-02 17:23:40,,5700.0,,600.0,,11300.0,,,700.0,,600.0,2987727,9
,,,22548.0,23770.0,23770.0,,,,,,,,,3140.0,3201.0,3501.0,,,,,,2018-10-01 11:08:05,,,,500.0,,6900.0,,,,,,732512,2
,,,,45958.0,45958.0,,,46986.0,,50223.0,,,,,3559.0,3799.0,,,7743.0,,7034.0,2018-10-13 08:27:48,,,,,,13300.0,,,900.0,,700.0,2285422,3
,18876.0,,,17692.0,17692.0,,,18999.0,,,,2734.0,,,2653.0,2773.0,,,3799.0,,,2018-11-21 10:37:55,,2300.0,,,,4800.0,,,700.0,,,3164846,7
46947.0,,,,40930.0,40930.0,,,,,,9454.0,,,,3065.0,3185.0,,,,,,2018-11-01 13:27:13,1000.0,,,,,11100.0,,,,,,2601482,1
33056.0,,,,29884.0,29884.0,,,,,,6586.0,,,,2032.0,2032.0,,,,,,2018-11-08 22:30:33,1900.0,,,,,9600.0,,,,,,1083730,3
,,,14467.0,14257.0,14257.0,,,,,,,,,2416.0,2056.0,2236.0,,,,,,2018-10-24 11:02:05,,,,500.0,,4300.0,,,,,,948483,2
26537.0,,26518.0,,21955.0,21955.0,,,26473.0,,,6864.0,,5821.0,,1881.0,2121.0,,,6074.0,,,2018-11-26 08:14:50,1000.0,,1000.0,,,6800.0,,,1000.0,,,857254,3
6260.0,,,,5385.0,5385.0,4281.0,4281.0,,,,3207.0,,,,786.0,1026.0,3768.0,1293.0,,,,2018-10-11 22:29:36,400.0,,,,,1700.0,,,,,,1972860,4
3021.0,,,,2705.0,2705.0,2418.0,2560.0,,,,2150.0,,,,967.0,1147.0,2201.0,773.0,,,,2018-11-01 16:32:46,200.0,,,,,1300.0,,,,,,2587731,1
25133.0,24086.0,,,24083.0,24083.0,,,24269.0,,,5883.0,2889.0,,,2413.0,2533.0,,,4182.0,,,2018-10-07 11:56:26,600.0,2800.0,,,,6600.0,,,700.0,,,2501222,7
,,,,40196.0,40196.0,,,67960.0,,,,,,,2797.0,2917.0,,,9233.0,,,2018-11-20 18:45:37,,,,,,12400.0,,,1200.0,,,2211841,7
12924.0,,,,13239.0,13239.0,,,13528.0,,,4059.0,,,,1389.0,1629.0,,,3904.0,,,2018-11-27 09:41:32,400.0,,,,,3800.0,,,500.0,,,1038445,7
31665.0,39192.0,,,32061.0,32061.0,,,39121.0,,38926.0,6805.0,5565.0,,,3255.0,3495.0,,,5965.0,,5629.0,2018-10-31 12:25:59,700.0,3100.0,,,,8600.0,,,900.0,,700.0,93786,10
1179.0,,,,1362.0,,807.0,1164.0,,,,1354.0,,,,429.0,,718.0,350.0,,,,2018-11-13 16:23:24,200.0,,,,,,,,,,,1921849,5
31591.0,32282.0,,28850.0,28569.0,28569.0,,,,,,6967.0,4160.0,,5577.0,2931.0,3171.0,,,,,,2018-10-17 10:59:46,600.0,1900.0,,600.0,,7600.0,,,,,,240392,10
,,,,101478.0,101478.0,,,128302.0,,,,,,,7278.0,7578.0,,,14662.0,,,2018-10-03 19:20:06,,,,,,27800.0,,,,,,1605830,3
11090.0,12610.0,,12597.0,14198.0,14198.0,,,,,12614.0,5244.0,2772.0,,3130.0,2401.0,2641.0,,,,,2701.0,2018-10-22 17:28:08,400.0,2200.0,,400.0,,4600.0,,,,,400.0,3026304,9
,13666.0,,10934.0,13237.0,13237.0,,9224.0,11071.0,,10815.0,,2035.0,,2063.0,2904.0,3084.0,,2788.0,2723.0,,2209.0,2018-11-28 18:58:52,,1800.0,,400.0,,4100.0,,,600.0,,400.0,1518964,2
14917.0,,,,17427.0,17427.0,,,,,,4698.0,,,,2066.0,2066.0,,,,,,2018-11-07 12:12:37,400.0,,,,,4500.0,,,,,,3233772,1
,,,,54304.0,54304.0,,,62895.0,,,,,,,4200.0,4500.0,,,11759.0,,,2018-10-19 19:50:37,,,,,,17200.0,,,1600.0,,,2161135,7
68593.0,,,,62854.0,62854.0,,,68758.0,,,12205.0,,,,4480.0,4480.0,,,12390.0,,,2018-11-30 08:49:32,1500.0,,,,,19600.0,,,1800.0,,,2437995,3
2329.0,,,,2306.0,2306.0,2337.0,2337.0,,,,1332.0,,,,401.0,581.0,2161.0,706.0,,,,2018-10-05 20:51:57,200.0,,,,,1300.0,,,,,,418571,1
12984.0,,,,7999.0,7999.0,,8396.0,,,,3867.0,,,,1279.0,1459.0,,2538.0,,,,2018-10-29 06:34:07,400.0,,,,,3300.0,,,,,,834227,1
2033.0,,,,2033.0,2033.0,1660.0,1748.0,,,,1700.0,,,,405.0,705.0,1481.0,525.0,,,,2018-11-29 07:36:03,200.0,,,,,1300.0,,,,,,1806518,4
6272.0,,,6939.0,6057.0,6057.0,,5955.0,,,,2065.0,,,1769.0,695.0,935.0,,1801.0,,,,2018-11-24 10:00:02,200.0,,,300.0,,2200.0,,,,,,3394028,2
1818.0,,,,,,1087.0,,,,,1848.0,,,,,,958.0,,,,,2018-10-05 11:45:07,200.0,,,,,,,,,,,396825,5
12633.0,,9780.0,,10237.0,10237.0,,7356.0,,,,4823.0,,3206.0,,1568.0,1748.0,,2222.0,,,,2018-11-17 10:38:19,400.0,,500.0,,,3000.0,,,,,,2882200,1
25046.0,,,,22883.0,22883.0,,,,,,4343.0,,,,1384.0,1564.0,,,,,,2018-10-06 06:22:13,700.0,,,,,5300.0,,,,,,2892081,1
,,,27859.0,1.0,1.0,,,,,,,,,3591.0,1.0,180.0,,,,,,2018-10-24 14:38:54,,,,600.0,,8900.0,,,,,,966648,2
56807.0,,,,50002.0,50002.0,,,58107.0,,,9519.0,,,,7651.0,7891.0,,,8673.0,,,2018-10-03 09:37:20,,,,,,18600.0,,,,,,1612201,7
1534.0,,,,1285.0,,809.0,809.0,,,,1317.0,,,,281.0,,720.0,242.0,,,,2018-10-21 08:01:28,500.0,,,,,,,,,,,2680495,5
,,,18614.0,16022.0,16022.0,,,17110.0,,19442.0,,,,5210.0,1906.0,2146.0,,,4729.0,,4018.0,2018-10-28 11:13:48,,,,500.0,,4300.0,,,900.0,,500.0,639731,9
20366.0,,24491.0,,24500.0,24500.0,,,24442.0,,,5371.0,,5095.0,,2229.0,2409.0,,,5549.0,,,2018-10-17 12:10:14,600.0,,700.0,,,5200.0,,,700.0,,,241936,11
1869.0,,,1950.0,2119.0,2119.0,1755.0,1863.0,,,,1353.0,,,1216.0,539.0,779.0,1592.0,560.0,,,,2018-10-03 13:33:53,200.0,,,300.0,,1300.0,,,,,,1559562,2
7373.0,,,9002.0,8316.0,8316.0,,6386.0,,,,3731.0,,,2430.0,1197.0,1317.0,,1929.0,,,,2018-10-05 15:54:03,400.0,,,400.0,,2700.0,,,,,,385410,2
,,13795.0,14769.0,17173.0,17173.0,,,14066.0,,,,,3774.0,3041.0,1485.0,1665.0,,,4397.0,,,2018-11-08 19:42:42,,,600.0,500.0,,4700.0,,,800.0,,,1063263,2
,18332.0,,18354.0,19582.0,19582.0,,,18734.0,,18571.0,,3001.0,,4271.0,1796.0,1976.0,,,3815.0,,3203.0,2018-10-23 11:58:47,,1800.0,,500.0,,4000.0,,,700.0,,500.0,1667869,10
1178.0,,,,,,1026.0,,,,,1241.0,,,,,,958.0,,,,,2018-10-21 17:49:01,200.0,,,,,,,,,,,2732474,5
11181.0,,,8247.0,6391.0,6391.0,,6333.0,,,,4539.0,,,3425.0,1296.0,1536.0,,1914.0,,,,2018-10-06 18:13:43,400.0,,,300.0,,2400.0,,,,,,2910202,2
,,,5763.0,5335.0,5335.0,4025.0,4729.0,7568.0,,,,,,1949.0,1211.0,1391.0,3695.0,1423.0,2518.0,,,2018-10-11 10:40:11,,,,300.0,,1700.0,,,500.0,,,1971099,2
5984.0,,,5889.0,5846.0,5846.0,4380.0,,,,,2450.0,,,2032.0,791.0,1091.0,3937.0,,,,,2018-10-27 09:59:08,200.0,,,300.0,,1600.0,,,,,,1480485,2
20463.0,,18239.0,,16361.0,16361.0,,,18246.0,19162.0,,6611.0,,4439.0,,2314.0,2494.0,,,5012.0,4927.0,,2018-11-21 13:38:10,500.0,,600.0,,,4200.0,,,800.0,1900.0,,3167983,7
,21837.0,,,18995.0,18995.0,,,22091.0,,,,3521.0,,,3889.0,4069.0,,,5698.0,,,2018-11-22 09:44:04,,2300.0,,,,6700.0,,,2400.0,,,1238255,10
,,,,819.0,,690.0,761.0,,,,,,,,260.0,,590.0,229.0,,,,2018-10-30 14:07:32,,,,,,,,,,,,2797634,5
,,,,2111.0,,861.0,871.0,,,,,,,,310.0,,767.0,262.0,,,,2018-11-18 11:33:58,,,,,,,,,,,,2101109,5
,,,22094.0,23244.0,23244.0,,,,,,,,,3104.0,4248.0,4248.0,,,,,,2018-11-12 08:32:40,,,,500.0,,9000.0,,,,,,997496,2
2230.0,,,,3551.0,3551.0,2361.0,2786.0,,,,1419.0,,,,794.0,794.0,2089.0,840.0,,,,2018-10-08 07:43:42,200.0,,,,,1300.0,,,,,,132897,1
,,,32350.0,29944.0,29944.0,,,31755.0,,31675.0,,,,3928.0,3396.0,3696.0,,,4540.0,,3924.0,2018-10-13 19:17:33,,,,600.0,,8700.0,,,800.0,,600.0,2275647,2
12839.0,,,,14700.0,14700.0,,,,,,4928.0,,,,3717.0,3957.0,,,,,,2018-11-03 09:57:03,400.0,,,,,4900.0,,,,,,1884480,1
6345.0,,,7832.0,6173.0,6173.0,,6182.0,,,,2406.0,,,2182.0,915.0,1035.0,,1870.0,,,,2018-10-07 11:55:28,200.0,,,400.0,,2500.0,,,,,,2497847,2
17603.0,,,,20071.0,20071.0,,,,,19130.0,5664.0,,,,2798.0,3098.0,,,,,3169.0,2018-11-12 11:17:04,500.0,,,,,4800.0,,,,,500.0,1013649,1
76361.0,,79792.0,,70424.0,70424.0,,,79792.0,,,11693.0,,10692.0,,3716.0,3836.0,,,10893.0,,,2018-11-01 08:17:10,1600.0,,1300.0,,,20600.0,,,1300.0,,,2619912,7
,,20186.0,,21177.0,21177.0,,,20160.0,,,,,4134.0,,1263.0,1563.0,,,4693.0,,,2018-11-02 23:03:08,,,700.0,,,5500.0,,,700.0,,,2975778,3
3490.0,,,,3571.0,3571.0,3006.0,3364.0,,,,2278.0,,,,680.0,980.0,2681.0,1015.0,,,,2018-10-20 16:15:20,200.0,,,,,1300.0,,,,,,168093,1
,22152.0,,21567.0,1.0,1.0,,,17129.0,,,,3736.0,,4056.0,1.0,120.0,,,4101.0,,,2018-10-20 09:25:24,,2500.0,,500.0,,5300.0,,,600.0,,,174438,2
,,,,21871.0,21871.0,,,20853.0,,,,,,,3503.0,3803.0,,,4957.0,,,2018-11-21 08:57:35,,,,,,8000.0,,,700.0,,,3156372,7
,,,,2592.0,,826.0,1129.0,,,,,,,,717.0,,725.0,339.0,,,,2018-10-20 07:37:17,,,,,,,,,,,,176397,5
97406.0,,,,95379.0,,,,,,,12647.0,,,,7128.0,,,,,,,2018-10-01 15:04:28,2100.0,,,,,,,,,,,720977,1
,,,23262.0,29779.0,29779.0,,,24437.0,,24441.0,,,,3757.0,3976.0,4156.0,,,4486.0,,3943.0,2018-11-01 17:49:13,,,,600.0,,9000.0,,,800.0,,600.0,2605714,2
,,,,,,10.0,10.0,,,,,,,,,,8.0,3.0,,,,2018-10-14 18:48:09,,,,,,,,,,,,1981937,5
,15149.0,,12107.0,,14465.0,,,10587.0,,,,2276.0,,2283.0,,2118.0,,,2396.0,,,2018-11-09 09:34:20,,1800.0,,400.0,,4200.0,,,600.0,,,472464,2
18497.0,,,,18753.0,18753.0,,,16468.0,,,5886.0,,,,3339.0,3639.0,,,4178.0,,,2018-11-16 19:56:33,600.0,,,,,6200.0,,,600.0,,,3095860,7
,29241.0,,,27727.0,27727.0,,,29837.0,,,,3998.0,,,2196.0,2436.0,,,4168.0,,,2018-10-08 16:35:32,,2700.0,,,,7500.0,,,800.0,,,137584,7
1698.0,,,,3310.0,3310.0,1689.0,1692.0,,,,1546.0,,,,637.0,817.0,1525.0,509.0,,,,2018-10-31 10:20:11,200.0,,,,,1300.0,,,,,,75934,1
4912.0,,,,4877.0,4877.0,4704.0,4781.0,,,,2907.0,,,,738.0,918.0,4320.0,1446.0,,,,2018-10-19 15:05:22,200.0,,,,,1300.0,,,,,,2180075,4
,,,,68318.0,68318.0,,,69465.0,,,,,,,6113.0,6293.0,,,11684.0,,,2018-10-01 10:02:40,,,,,,21500.0,,,1300.0,,,756966,7
,,,,1198.0,1198.0,1106.0,1001.0,,,,,,,,655.0,775.0,947.0,302.0,,,,2018-10-21 09:48:33,,,,,,1300.0,,,,,,2708233,5
3617.0,,,4883.0,4392.0,4392.0,3328.0,3162.0,,,4962.0,1996.0,,,1616.0,779.0,1019.0,2914.0,951.0,,,1478.0,2018-11-11 08:33:33,200.0,,,300.0,,1400.0,,,,,300.0,609066,2
9630.0,,,,7613.0,7613.0,,6897.0,,,,4027.0,,,,917.0,1037.0,,2085.0,,,,2018-10-14 07:58:05,400.0,,,,,2200.0,,,,,,2019255,1
7624.0,,,7621.0,7914.0,7914.0,,7368.0,,,7891.0,3311.0,,,2519.0,1377.0,1677.0,,2224.0,,,2098.0,2018-11-21 16:05:46,400.0,,,300.0,,2400.0,,,,,300.0,3169007,2
40917.0,,,46286.0,41908.0,41908.0,,,,,,7153.0,,,6402.0,3794.0,4094.0,,,,,,2018-10-21 14:02:51,1000.0,,,700.0,,13600.0,,,,,,2696266,2
972.0,,,,642.0,,730.0,730.0,,,,830.0,,,,98.0,,655.0,220.0,,,,2018-10-06 17:47:02,200.0,,,,,,,,,,,2932639,5
,,,17069.0,16763.0,16763.0,,,17804.0,,17281.0,,,,3427.0,2709.0,2889.0,,,4222.0,,3335.0,2018-11-13 11:18:01,,,,500.0,,4300.0,,,600.0,,500.0,1926354,2
,,,24556.0,26913.0,26913.0,,,,,,,,,3561.0,4759.0,4939.0,,,,,,2018-10-28 16:58:43,,,,600.0,,9500.0,,,,,,642257,2
7150.0,,,,7289.0,7289.0,,7158.0,7851.0,,8715.0,3450.0,,,,1466.0,1586.0,,2162.0,2932.0,,2367.0,2018-11-08 14:26:15,200.0,,,,,2100.0,,,500.0,,400.0,1094175,9
17390.0,,,15946.0,21123.0,21123.0,,,,,15946.0,4101.0,,,4115.0,3155.0,3395.0,,,,,3843.0,2018-10-24 13:36:58,400.0,,,500.0,,6300.0,,,,,500.0,972774,9
28716.0,29299.0,,,33102.0,33102.0,,,29805.0,,,7274.0,4341.0,,,3646.0,3886.0,,,5835.0,,,2018-11-10 08:53:45,700.0,2900.0,,,,8600.0,,,700.0,,,18007,10
,13236.0,,,9180.0,9180.0,,9327.0,13371.0,,12079.0,,2919.0,,,1944.0,2064.0,,2819.0,4110.0,,2948.0,2018-10-01 16:56:24,,1700.0,,,,3400.0,,,600.0,,400.0,782314,9
18340.0,26553.0,,,18454.0,18454.0,,,22843.0,,,5217.0,4244.0,,,2971.0,3151.0,,,4731.0,,,2018-10-15 14:25:05,500.0,1800.0,,,,5500.0,,,700.0,,,1189900,7
,,,1859.0,1046.0,1046.0,1413.0,1751.0,,,,,,,937.0,197.0,497.0,1237.0,526.0,,,,2018-10-01 12:13:19,,,,300.0,,1300.0,,,,,,751916,2
12541.0,,,,14343.0,14343.0,,,,,,4626.0,,,,1549.0,1849.0,,,,,,2018-10-03 17:53:08,400.0,,,,,3900.0,,,,,,1556453,1
,13234.0,,10645.0,11505.0,11505.0,,,11492.0,,11566.0,,2766.0,,2822.0,2111.0,2351.0,,,3656.0,,2387.0,2018-10-06 16:22:17,,1700.0,,400.0,,3800.0,,,600.0,,400.0,2914164,9
,,,37854.0,37609.0,37609.0,,,,,,,,,5042.0,5537.0,5717.0,,,,,,2018-11-23 17:45:43,,,,700.0,,14300.0,,,,,,570149,2
,,,,1082.0,,879.0,1095.0,,,,,,,,177.0,,751.0,330.0,,,,2018-10-13 11:38:59,,,,,,,,,,,,2268886,5
,,,17893.0,12335.0,12335.0,,,,,17937.0,,,,2577.0,2630.0,2810.0,,,,,2728.0,2018-10-18 18:33:26,,,,400.0,,5000.0,,,,,500.0,2739240,2
,,,13490.0,13024.0,13024.0,,,14047.0,,,,,,2677.0,1481.0,1601.0,,,3290.0,,,2018-11-09 10:52:57,,,,500.0,,3200.0,,,600.0,,,505225,2
,44322.0,,,38768.0,38768.0,,,42213.0,,,,5661.0,,,2802.0,3042.0,,,7293.0,,,2018-11-20 22:42:48,,4800.0,,,,12000.0,,,900.0,,,2203646,10
,11969.0,,,10962.0,10962.0,,,14712.0,,14602.0,,2403.0,,,1602.0,1782.0,,,3830.0,,3074.0,2018-10-26 12:56:23,,1700.0,,,,3100.0,,,600.0,,400.0,3097503,10
4596.0,,,,4628.0,4628.0,3403.0,4591.0,,,,2006.0,,,,559.0,739.0,2934.0,1390.0,,,,2018-10-12 17:28:59,200.0,,,,,1700.0,,,,,,2637912,4
10635.0,,14066.0,19462.0,11279.0,11279.0,,,,,,3194.0,,3876.0,3666.0,1334.0,1454.0,,,,,,2018-11-09 19:55:33,200.0,,600.0,500.0,,3300.0,,,,,,491042,1
,,,,510.0,,507.0,507.0,,,,,,,,219.0,,463.0,152.0,,,,2018-10-14 14:24:19,,,,,,,,,,,,1991648,5
,,,40767.0,42316.0,42316.0,,,41471.0,,,,,,4349.0,3514.0,3694.0,,,5199.0,,,2018-10-03 15:45:25,,,,700.0,,12400.0,,,900.0,,,1637591,2
17904.0,18731.0,,,18777.0,18777.0,,,21146.0,,18016.0,4880.0,3098.0,,,2900.0,3200.0,,,4215.0,,3463.0,2018-10-03 19:36:26,500.0,2300.0,,,,5000.0,,,700.0,,500.0,1575578,7
32750.0,,,,24887.0,24887.0,,,26226.0,,,10256.0,,,,2923.0,3103.0,,,7011.0,,,2018-10-12 06:40:09,700.0,,,,,8900.0,,,1400.0,,,2625658,3
18188.0,25663.0,,,16363.0,16363.0,,,22747.0,,,6331.0,3987.0,,,2374.0,2374.0,,,4912.0,,,2018-10-16 18:01:25,400.0,2300.0,,,,5700.0,,,700.0,,,3301205,7
16356.0,,,19535.0,15698.0,15698.0,,,,,19535.0,5856.0,,,3724.0,3428.0,3728.0,,,,,3425.0,2018-10-26 16:34:27,500.0,,,500.0,,6200.0,,,,,500.0,3135791,9
3114.0,,,,2626.0,2626.0,1637.0,1921.0,,,,1984.0,,,,443.0,443.0,1460.0,578.0,,,,2018-11-06 19:59:46,200.0,,,,,1300.0,,,,,,1288819,1
14161.0,,,,16129.0,16129.0,,,,,,6496.0,,,,1466.0,1706.0,,,,,,2018-11-27 13:31:47,600.0,,,,,4100.0,,,,,,1040144,1
,,,,3720.0,3720.0,1341.0,1795.0,,,,,,,,1133.0,1253.0,1147.0,540.0,,,,2018-10-18 13:47:40,,,,,,1300.0,,,,,,2757410,6
26847.0,,,,32581.0,32581.0,,,,,,10361.0,,,,4439.0,4559.0,,,,,,2018-10-13 15:10:21,600.0,,,,,8500.0,,,,,,2280429,3
,27989.0,,,31060.0,31060.0,,,30865.0,,29739.0,,3636.0,,,2871.0,2991.0,,,5571.0,,4133.0,2018-11-21 13:07:45,,2100.0,,,,8300.0,,,800.0,,600.0,3177827,10
12949.0,,,,13301.0,13301.0,,,13625.0,13131.0,,3574.0,,,,1676.0,1976.0,,,3328.0,2935.0,,2018-11-17 03:36:01,300.0,,,,,4000.0,,,500.0,1500.0,,2843993,4
,26699.0,,26533.0,23148.0,23148.0,,,,,,,4327.0,,3948.0,3272.0,3572.0,,,,,,2018-11-23 10:18:59,,2100.0,,600.0,,7100.0,,,,,,551416,2
,27831.0,,33133.0,24556.0,24556.0,,,,,,,3214.0,,3278.0,2185.0,2485.0,,,,,,2018-10-23 10:27:12,,2100.0,,600.0,,6200.0,,,,,,1688207,2
7379.0,,,,5933.0,5933.0,,7234.0,,,,2322.0,,,,638.0,878.0,,2188.0,,,,2018-11-04 18:33:33,200.0,,,,,1800.0,,,,,,1743158,1
45189.0,,,,43280.0,43280.0,,,49665.0,,49509.0,7774.0,,,,3904.0,3964.0,,,6407.0,,6390.0,2018-10-16 21:16:04,1300.0,,,,,14900.0,,,1300.0,,700.0,3305626,3
,,29710.0,,28111.0,28111.0,,,29708.0,,,,,4827.0,,3341.0,3461.0,,,5037.0,,,2018-10-27 09:51:25,,,800.0,,,8300.0,,,800.0,,,1511339,3
,,,18855.0,13165.0,13165.0,,,22971.0,,18808.0,,,,4888.0,2630.0,2810.0,,,6370.0,,3372.0,2018-11-01 14:46:21,,,,500.0,,5600.0,,,700.0,,500.0,2606731,9
3559.0,,,4250.0,8299.0,8299.0,3405.0,,,,,1975.0,,,1976.0,1043.0,1223.0,3057.0,,,,,2018-10-30 10:36:53,200.0,,,300.0,,1300.0,,,,,,2833556,1
17917.0,,,18903.0,11923.0,11923.0,,,,,,5330.0,,,4340.0,2718.0,2958.0,,,,,,2018-10-30 10:10:49,400.0,,,500.0,,3900.0,,,,,,2797724,2
105495.0,,,,104594.0,104594.0,,,107841.0,,,15531.0,,,,7222.0,7342.0,,,14503.0,,,2018-10-05 09:18:14,2300.0,,,,,29900.0,,,2500.0,,,369192,7
7818.0,,,,7789.0,7789.0,,6716.0,7525.0,,7585.0,3297.0,,,,1981.0,2161.0,,2031.0,2745.0,,2327.0,2018-10-27 13:20:37,200.0,,,,,3000.0,,,500.0,,300.0,1485103,9
,,,10034.0,9253.0,9253.0,,9213.0,,,9383.0,,,,1877.0,2004.0,2304.0,,2787.0,,,2227.0,2018-11-17 16:30:04,,,,400.0,,3700.0,,,,,400.0,2847283,2
3222.0,,,2729.0,2957.0,2957.0,2505.0,2715.0,,,,1743.0,,,1700.0,430.0,670.0,2175.0,819.0,,,,2018-11-08 10:29:49,200.0,,,300.0,,1300.0,,,,,,1070615,2
,,,7017.0,8518.0,8518.0,,5975.0,6255.0,,7302.0,,,,1970.0,1011.0,1191.0,,1806.0,2387.0,,1644.0,2018-11-01 19:31:37,,,,300.0,,2500.0,,,500.0,,300.0,2617776,2
,,9363.0,,8437.0,8437.0,,8198.0,8366.0,,,,,3271.0,,1734.0,2034.0,,2478.0,3050.0,,,2018-11-14 11:32:38,,,500.0,,,2600.0,,,500.0,,,2409529,7
,,,16079.0,19207.0,19207.0,,,,,,,,,2582.0,2933.0,3173.0,,,,,,2018-10-04 16:41:06,,,,500.0,,5500.0,,,,,,283526,2
,45724.0,,34892.0,30370.0,30370.0,,,34922.0,,34925.0,,4382.0,,4504.0,3554.0,3734.0,,,4730.0,,4123.0,2018-11-24 11:05:17,,4800.0,,3000.0,,10200.0,,,3200.0,,3000.0,3379011,10
6612.0,,,9187.0,7033.0,7033.0,,6451.0,,,,3212.0,,,3309.0,1940.0,2240.0,,1947.0,,,,2018-10-04 12:11:32,200.0,,,400.0,,2700.0,,,,,,278987,3
,,,,1075.0,,719.0,1131.0,,,,,,,,267.0,,693.0,340.0,,,,2018-10-11 07:25:52,,,,,,,,,,,,1955324,5
,,,9251.0,8888.0,8888.0,,7670.0,11484.0,,,,,,2776.0,893.0,893.0,,2320.0,3417.0,,,2018-11-14 06:17:02,,,,400.0,,2700.0,,,900.0,,,2414548,2
,,,27476.0,27663.0,27663.0,,,,,27660.0,,,,3088.0,5789.0,6029.0,,,,,3138.0,2018-11-29 08:24:58,,,,600.0,,11800.0,,,,,600.0,1828872,2
3604.0,,,,4071.0,4071.0,2844.0,3059.0,,,,1584.0,,,,589.0,769.0,2646.0,923.0,,,,2018-10-29 18:53:48,200.0,,,,,1300.0,,,,,,822395,1
9840.0,12654.0,,,10443.0,10443.0,,9822.0,10598.0,,10567.0,3456.0,2398.0,,,2274.0,2574.0,,2971.0,2677.0,,1890.0,2018-11-24 17:28:04,200.0,1700.0,,,,4000.0,,,600.0,,400.0,3343077,7
2040.0,,,,1475.0,1475.0,1398.0,1402.0,,,,1661.0,,,,562.0,862.0,1255.0,422.0,,,,2018-11-28 07:25:22,200.0,,,,,1300.0,,,,,,1546946,6
,,,,8592.0,8592.0,,7356.0,10895.0,,,,,,,1606.0,1846.0,,2220.0,3133.0,,,2018-11-18 16:01:13,,,,,,2800.0,,,600.0,,,2094860,7
5267.0,,,,6084.0,6084.0,4445.0,4451.0,,,,2781.0,,,,911.0,1091.0,4116.0,1341.0,,,,2018-11-12 00:57:36,200.0,,,,,2200.0,,,,,,1017817,1
42627.0,,,38813.0,35191.0,35191.0,,,,,,7812.0,,,6315.0,3082.0,3262.0,,,,,,2018-11-08 20:23:02,1100.0,,,700.0,,11400.0,,,,,,1064121,2
,,,,37962.0,37962.0,,,38993.0,,,,,,,2605.0,2725.0,,,8211.0,,,2018-10-21 06:58:35,,,,,,10100.0,,,900.0,,,2691475,7
11250.0,13015.0,,11928.0,11062.0,11062.0,,,,,12055.0,4837.0,2785.0,,3166.0,2524.0,2644.0,,,,,2837.0,2018-11-22 11:21:35,400.0,1700.0,,400.0,,3700.0,,,,,400.0,1220531,10
,,,,1412.0,,905.0,914.0,,,,,,,,359.0,,771.0,274.0,,,,2018-10-28 15:23:14,,,,,,,,,,,,616154,5
3769.0,,6060.0,,3706.0,3706.0,2877.0,2913.0,,,,2240.0,,2258.0,,688.0,868.0,2531.0,878.0,,,,2018-10-14 07:04:56,200.0,,500.0,,,1300.0,,,,,,2019488,1
49271.0,,,,46240.0,46240.0,,,56020.0,,,8686.0,,,,3602.0,3842.0,,,9025.0,,,2018-11-17 07:53:47,1200.0,,,,,13300.0,,,1200.0,,,2877011,7
,,,,16134.0,16134.0,,,17758.0,,,,,,,4129.0,4129.0,,,3933.0,,,2018-10-29 18:12:14,,,,,,7200.0,,,700.0,,,822384,7
11623.0,,,13093.0,12517.0,12517.0,,,,,13539.0,3785.0,,,2906.0,1516.0,1696.0,,,,,2810.0,2018-10-17 10:52:57,300.0,,,400.0,,3300.0,,,,,400.0,247567,9
10340.0,,,,7421.0,7421.0,,7441.0,,9860.0,,4635.0,,,,1356.0,1656.0,,2250.0,,3487.0,,2018-11-28 09:41:08,400.0,,,,,2700.0,,,,1600.0,,1554147,1
42426.0,47624.0,,,42329.0,42329.0,,,49584.0,,,12122.0,5858.0,,,4607.0,4847.0,,,8109.0,,,2018-10-12 17:28:10,900.0,4600.0,,,,15400.0,,,900.0,,,2637299,7
,,29147.0,,27918.0,27918.0,,,29845.0,,,,,5609.0,,2990.0,3230.0,,,6449.0,,,2018-10-31 07:29:58,,,700.0,,,8600.0,,,2000.0,,,95863,7
15007.0,,,17814.0,15414.0,15414.0,,,,,18545.0,5978.0,,,3911.0,3579.0,3819.0,,,,,3749.0,2018-11-23 16:54:48,300.0,,,500.0,,7700.0,,,,,500.0,559380,2
3198.0,,,,3458.0,3458.0,2610.0,2776.0,,,,2668.0,,,,476.0,716.0,2264.0,838.0,,,,2018-11-22 10:21:19,400.0,,,,,1300.0,,,,,,1225252,1
13590.0,,,,13427.0,13427.0,,,15965.0,,18085.0,4105.0,,,,1382.0,1682.0,,,4713.0,,3579.0,2018-10-24 07:04:16,300.0,,,,,3800.0,,,600.0,,500.0,963951,1
,,,12631.0,15454.0,15454.0,,,10479.0,,13190.0,,,,2339.0,3065.0,3365.0,,,2791.0,,2249.0,2018-11-10 17:44:30,,,,400.0,,5100.0,,,600.0,,400.0,45504,2
25596.0,,,,26041.0,26041.0,,,28439.0,28251.0,,6320.0,,,,2664.0,2784.0,,,6044.0,4384.0,,2018-11-27 11:58:45,700.0,,,,,6600.0,,,900.0,3000.0,,1055401,7
,,,,2075.0,,638.0,936.0,,,,,,,,744.0,,605.0,280.0,,,,2018-10-10 18:47:19,,,,,,,,,,,,2367183,5
16075.0,,,,16190.0,16190.0,,,17036.0,,18409.0,5924.0,,,,2139.0,2319.0,,,3823.0,,3325.0,2018-11-15 15:42:22,400.0,,,,,4600.0,,,700.0,,500.0,691452,7
18443.0,,,,20532.0,20532.0,,,18127.0,,,5706.0,,,,1768.0,2068.0,,,5109.0,,,2018-10-08 18:29:42,500.0,,,,,5800.0,,,600.0,,,127175,7
,,,,62077.0,62077.0,,,62128.0,,,,,,,3574.0,3874.0,,,7702.0,,,2018-10-17 22:50:32,,,,,,19200.0,,,2600.0,,,249665,3
7340.0,,,8595.0,7190.0,7190.0,,7076.0,,,8548.0,2146.0,,,2264.0,762.0,1062.0,,2143.0,,,2072.0,2018-11-28 15:38:15,200.0,,,400.0,,1800.0,,,,,400.0,1527890,1
21850.0,,,,18679.0,18679.0,,,23455.0,,,7153.0,,,,2618.0,2858.0,,,6104.0,,,2018-10-06 15:23:14,500.0,,,,,5900.0,,,900.0,,,2909035,3
,,,9573.0,9935.0,9935.0,,9293.0,,,9906.0,,,,2145.0,1187.0,1307.0,,2810.0,,,1970.0,2018-11-27 12:31:04,,,,400.0,,2500.0,,,,,400.0,1035554,2
,20546.0,,19342.0,21696.0,21696.0,,,19702.0,,19420.0,,3311.0,,4029.0,3556.0,3796.0,,,3921.0,,3409.0,2018-10-23 15:17:56,,2300.0,,500.0,,5500.0,,,700.0,,500.0,1661470,10
4226.0,,4882.0,,3410.0,3410.0,3411.0,3411.0,4712.0,,,2745.0,,2328.0,,878.0,998.0,2962.0,1031.0,2338.0,,,2018-10-08 17:24:26,200.0,,500.0,,,1900.0,,,500.0,,,132325,11
34876.0,,,,29869.0,29869.0,,,36867.0,,,8406.0,,,,2202.0,2322.0,,,7122.0,,,2018-10-26 06:22:21,800.0,,,,,8600.0,,,1000.0,,,3130187,7
8079.0,,,10682.0,11685.0,11685.0,,8057.0,,,10882.0,3548.0,,,3655.0,3405.0,3585.0,,2432.0,,,3221.0,2018-11-09 15:57:13,400.0,,,400.0,,3300.0,,,,,400.0,477009,9
12914.0,,,,15350.0,,,,,,,3559.0,,,,2098.0,,,,,,,2018-11-12 09:59:39,300.0,,,,,,,,,,,1009539,1
14644.0,15446.0,,18739.0,15545.0,15545.0,,,,,18744.0,5466.0,3661.0,,4009.0,2284.0,2464.0,,,,,3519.0,2018-11-10 13:07:06,500.0,2400.0,,500.0,,5300.0,,,,,500.0,25503,9
4624.0,,,5269.0,4904.0,4904.0,4180.0,4423.0,,,,2073.0,,,1481.0,993.0,1233.0,3770.0,1335.0,,,,2018-11-25 14:17:03,200.0,,,300.0,,2400.0,,,,,,3262784,2
,,,,23400.0,23400.0,,,22878.0,,,,,,,2368.0,2548.0,,,3307.0,,,2018-10-23 10:58:50,,,,,,5300.0,,,3000.0,,,1667683,7
,,6463.0,,5100.0,,927.0,927.0,4181.0,,,,,2684.0,,890.0,,794.0,280.0,2649.0,,,2018-10-01 18:16:30,,,500.0,,,,,,500.0,,,743528,5
,,,,7288.0,7288.0,,7267.0,9082.0,,8304.0,,,,,1289.0,1349.0,,2196.0,2499.0,,1707.0,2018-10-27 09:17:29,,,,,,2500.0,,,600.0,,400.0,1486247,4
,,,11165.0,1.0,1.0,,,15004.0,,,,,,2445.0,1.0,120.0,,,3361.0,,,2018-10-27 10:09:02,,,,400.0,,3700.0,,,700.0,,,1507248,2
,19179.0,,19127.0,19757.0,19757.0,,,,,,,2920.0,,2886.0,2069.0,2069.0,,,,,,2018-11-07 22:10:57,,2500.0,,500.0,,6200.0,,,,,,3202601,2
,,,,46865.0,46865.0,,,54788.0,,,,,,,4325.0,4505.0,,,9512.0,,,2018-11-14 16:49:28,,,,,,15200.0,,,1200.0,,,2396239,7
30065.0,,,31248.0,30002.0,30002.0,,,,30033.0,31074.0,5573.0,,,5412.0,2192.0,2492.0,,,,4871.0,4701.0,2018-10-29 23:00:05,800.0,,,600.0,,9600.0,,,,1900.0,600.0,813258,3
14833.0,14128.0,,15697.0,13912.0,13912.0,,,,,15550.0,4325.0,2453.0,,3320.0,1412.0,1532.0,,,,,2864.0,2018-11-27 20:08:30,500.0,1700.0,,500.0,,4300.0,,,,,500.0,1045197,2
16273.0,,,21072.0,16944.0,16944.0,,,,,21053.0,5643.0,,,4374.0,2260.0,2260.0,,,,,4231.0,2018-11-21 18:50:28,300.0,,,500.0,,5000.0,,,,,500.0,3195982,3
,,,,21506.0,21506.0,,,21683.0,,,,,,,3162.0,3462.0,,,4142.0,,,2018-11-04 15:37:55,,,,,,6900.0,,,700.0,,,1706289,7
,,,,,,752.0,,,,,,,,,,,703.0,,,,,2018-10-03 18:00:47,,,,,,,,,,,,1567509,5
,,,19496.0,20005.0,20005.0,,,,,,,,,2484.0,3232.0,3412.0,,,,,,2018-11-27 09:40:31,,,,500.0,,6800.0,,,,,,1050292,2
10845.0,10277.0,,,11851.0,11851.0,,9021.0,9841.0,,9494.0,3549.0,2142.0,,,2449.0,2689.0,,2724.0,3207.0,,2421.0,2018-10-13 12:43:57,300.0,1700.0,,,,4300.0,,,600.0,,400.0,2267587,9
70795.0,,,,,75336.0,,,70584.0,,,8707.0,,,,,6415.0,,,8802.0,,,2018-10-05 08:28:54,1500.0,,,,,22900.0,,,1800.0,,,379296,1
11236.0,,,,11350.0,11350.0,,,,,,2750.0,,,,1139.0,1319.0,,,,,,2018-10-13 20:45:51,400.0,,,,,3500.0,,,,,,2253262,3
3525.0,,,4239.0,3748.0,3748.0,2424.0,2792.0,,,,1983.0,,,1975.0,851.0,1151.0,2113.0,838.0,,,,2018-11-11 10:14:58,200.0,,,300.0,,1300.0,,,,,,593921,2
3526.0,,,,1685.0,1685.0,1402.0,1683.0,,,,2281.0,,,,257.0,497.0,1259.0,508.0,,,,2018-11-24 15:25:03,400.0,,,,,1300.0,,,,,,3347839,6
,,,34272.0,37695.0,37695.0,,,,,,,,,2869.0,4014.0,4014.0,,,,,,2018-11-02 15:57:54,,,,700.0,,11200.0,,,,,,2979822,2
,,,,22481.0,22481.0,,,21485.0,,21058.0,,,,,2094.0,2394.0,,,3896.0,,3251.0,2018-11-04 23:16:03,,,,,,7300.0,,,700.0,,500.0,1745576,3
13701.0,14617.0,,14666.0,15144.0,15144.0,,,,,14666.0,4827.0,2589.0,,3316.0,1492.0,1672.0,,,,,3116.0,2018-10-23 15:16:33,400.0,1700.0,,500.0,,3500.0,,,,,500.0,1670522,4
6830.0,,,,4822.0,4822.0,4759.0,4849.0,,,,2785.0,,,,975.0,1095.0,4305.0,1462.0,,,,2018-10-13 13:12:05,200.0,,,,,2000.0,,,,,,2230817,1
34777.0,,,,29669.0,29669.0,,,34999.0,,,8235.0,,,,3382.0,3442.0,,,5901.0,,,2018-11-28 10:47:13,800.0,,,,,8300.0,,,800.0,,,1529712,7
15718.0,16475.0,,,17933.0,17933.0,,,16062.0,,,6291.0,4166.0,,,3945.0,3945.0,,,4511.0,,,2018-11-14 08:36:51,500.0,2300.0,,,,7900.0,,,700.0,,,2422216,7
,,,,56611.0,56611.0,,,64453.0,,,,,,,5211.0,5511.0,,,8645.0,,,2018-11-13 08:44:21,,,,,,18700.0,,,1600.0,,,1906484,7
17255.0,21636.0,,,17774.0,17774.0,,,22214.0,,21780.0,4181.0,3205.0,,,1872.0,2052.0,,,4422.0,,3972.0,2018-10-31 10:48:35,400.0,2500.0,,,,4600.0,,,700.0,,500.0,94076,10
,,,,13384.0,13384.0,,,14271.0,,13254.0,,,,,1503.0,1683.0,,,3203.0,,2591.0,2018-11-12 14:59:14,,,,,,3400.0,,,600.0,,400.0,1016226,9
,,,7484.0,7676.0,7676.0,,7761.0,,,,,,,1740.0,1133.0,1373.0,,2346.0,,,,2018-10-13 17:01:18,,,,400.0,,2100.0,,,,,,2284558,2
,,,,17768.0,17768.0,,,17832.0,,17585.0,,,,,5726.0,5966.0,,,4027.0,,3173.0,2018-10-25 17:30:24,,,,,,10100.0,,,700.0,,500.0,2312549,9
3386.0,,,,2804.0,2804.0,2131.0,2142.0,,,,2014.0,,,,473.0,773.0,1914.0,647.0,,,,2018-11-20 15:50:23,200.0,,,,,1300.0,,,,,,2193624,6
6917.0,,,6341.0,6676.0,6676.0,,6042.0,,,7505.0,2196.0,,,1624.0,699.0,939.0,,1828.0,,,1908.0,2018-11-26 12:18:21,400.0,,,300.0,,2000.0,,,,,300.0,848928,2
11397.0,,,13929.0,12743.0,12743.0,,,,,14525.0,4826.0,,,3757.0,3261.0,3441.0,,,,,3095.0,2018-11-27 18:10:46,400.0,,,400.0,,5100.0,,,,,400.0,1057259,2
,,,18620.0,19978.0,19978.0,,,,,,,,,3061.0,2910.0,3030.0,,,,,,2018-10-29 16:22:01,,,,500.0,,5400.0,,,,,,817692,2
2888.0,,,,1443.0,1443.0,1349.0,1349.0,,,,1742.0,,,,222.0,522.0,1174.0,406.0,,,,2018-11-05 14:33:22,200.0,,,,,1300.0,,,,,,886613,1
5363.0,,,,,,,6634.0,,,,2780.0,,,,,,,2002.0,,,,2018-10-18 18:19:23,200.0,,,,,,,,,,,2761110,1
11674.0,14709.0,,12187.0,11168.0,11168.0,,9249.0,,,12687.0,4543.0,2458.0,,2702.0,1289.0,1289.0,,2796.0,,,2495.0,2018-10-07 16:44:12,400.0,1700.0,,400.0,,3200.0,,,,,400.0,2508424,9
9128.0,,,,8132.0,8132.0,,7233.0,,,,3579.0,,,,1231.0,1351.0,,2184.0,,,,2018-10-05 08:49:48,200.0,,,,,2600.0,,,,,,398708,3
30881.0,31689.0,,,30108.0,30108.0,,,31050.0,,,8185.0,3743.0,,,2150.0,2270.0,,,5750.0,,,2018-11-16 22:18:51,600.0,2800.0,,,,9700.0,,,800.0,,,3058352,10
10990.0,,,,10882.0,10882.0,,,,,,3123.0,,,,1547.0,1727.0,,,,,,2018-10-27 20:59:38,300.0,,,,,4900.0,,,,,,1475915,4
6832.0,,,,7019.0,7019.0,,5946.0,,,,2196.0,,,,1190.0,1490.0,,1797.0,,,,2018-11-25 11:49:18,200.0,,,,,2100.0,,,,,,3249480,1
,,,,34.0,,14.0,14.0,,,,,,,,53.0,,12.0,4.0,,,,2018-10-13 10:02:06,,,,,,,,,,,,2281979,5
,,,,,36039.0,,,37945.0,,,,,,,,5636.0,,,8559.0,,,2018-11-06 11:12:28,,,,,,10900.0,,,800.0,,,1314727,7
21916.0,,,20117.0,17698.0,17698.0,,,,,20187.0,7144.0,,,4042.0,2730.0,2850.0,,,,,3613.0,2018-10-13 08:20:57,500.0,,,500.0,,4800.0,,,,,500.0,2285810,2
,,,,665.0,,349.0,549.0,,,,,,,,163.0,,329.0,165.0,,,,2018-11-26 19:26:37,,,,,,,,,,,,862483,5
,23935.0,,27196.0,25555.0,25555.0,,,23699.0,,,,2718.0,,3024.0,3363.0,3603.0,,,3642.0,,,2018-11-29 17:46:45,,4000.0,,2900.0,,10200.0,,,2700.0,,,1812771,10
,14182.0,,13786.0,16569.0,16569.0,,,14045.0,,13855.0,,2475.0,,2934.0,2796.0,2916.0,,,3338.0,,2556.0,2018-10-12 18:33:46,,1700.0,,500.0,,6000.0,,,700.0,,500.0,2672105,10
28177.0,,,,27290.0,27290.0,,,25951.0,,23712.0,4502.0,,,,2361.0,2601.0,,,4463.0,,3116.0,2018-10-05 16:35:36,1500.0,,,,,7700.0,,,1000.0,,500.0,404455,9
28975.0,,26548.0,,28967.0,28967.0,,,26548.0,,,8949.0,,5863.0,,4909.0,5209.0,,,6653.0,,,2018-10-13 09:57:23,700.0,,700.0,,,7700.0,,,700.0,,,2256297,11
50479.0,,,,52453.0,52453.0,,,,,,8130.0,,,,5487.0,5667.0,,,,,,2018-10-24 11:43:08,1200.0,,,,,14700.0,,,,,,931984,1
6440.0,,,6957.0,7207.0,7207.0,,6466.0,,,,2919.0,,,1996.0,1109.0,1229.0,,1951.0,,,,2018-11-07 15:54:47,200.0,,,300.0,,2100.0,,,,,,3227101,2
11484.0,,,11096.0,9938.0,9938.0,,9854.0,,,12796.0,4094.0,,,3262.0,1216.0,1216.0,,2979.0,,,3392.0,2018-10-11 20:35:21,400.0,,,400.0,,3300.0,,,,,400.0,1939961,2
17853.0,20191.0,20388.0,,17867.0,17867.0,,,19676.0,,,4426.0,3526.0,4225.0,,1789.0,2029.0,,,4142.0,,,2018-11-25 15:57:12,500.0,1800.0,700.0,,,4600.0,,,600.0,,,3267324,7
6716.0,,,,6058.0,6058.0,,6076.0,,,,2447.0,,,,587.0,767.0,,1836.0,,,,2018-11-03 21:09:46,200.0,,,,,2000.0,,,,,,1867516,1
27017.0,,,,24483.0,24483.0,,,30708.0,,,5972.0,,,,2709.0,2949.0,,,5326.0,,,2018-10-09 21:15:14,600.0,,,,,7600.0,,,800.0,,,1777371,3
,,,7752.0,5819.0,5819.0,,5746.0,5124.0,,7851.0,,,,1797.0,1490.0,1730.0,,1735.0,1976.0,,1766.0,2018-11-30 08:28:53,,,,400.0,,2600.0,,,500.0,,400.0,2451163,2
,23528.0,,20012.0,25194.0,25194.0,,,23321.0,,19161.0,,3210.0,,3928.0,2822.0,3122.0,,,4399.0,,3504.0,2018-11-04 14:22:29,,1800.0,,500.0,,7400.0,,,700.0,,500.0,1706572,10
,,,,10182.0,10182.0,,9508.0,7996.0,,,,,,,2176.0,2416.0,,2872.0,2849.0,,,2018-10-13 15:32:24,,,,,,3400.0,,,500.0,,,2271233,3
,,,,202.0,,251.0,251.0,,,,,,,,57.0,,214.0,74.0,,,,2018-10-28 12:56:24,,,,,,,,,,,,659842,5
,,,,24851.0,24851.0,,,23856.0,,,,,,,1935.0,2055.0,,,4515.0,,,2018-11-27 11:28:40,,,,,,5700.0,,,700.0,,,1027481,7
,,,38524.0,29887.0,29887.0,,,,,,,,,4721.0,3347.0,3587.0,,,,,,2018-11-08 19:04:13,,,,600.0,,9800.0,,,,,,1082265,2
,11478.0,,11485.0,11300.0,11300.0,,,,,,,2630.0,,2305.0,2026.0,2326.0,,,,,,2018-10-14 17:46:20,,1700.0,,400.0,,3500.0,,,,,,2006486,2
,,,15764.0,17620.0,17620.0,,,,,16045.0,,,,2765.0,2906.0,3146.0,,,,,3070.0,2018-11-24 15:59:48,,,,500.0,,6100.0,,,,,500.0,3378200,2
1546.0,,,,1747.0,1747.0,1410.0,1410.0,2759.0,,,1070.0,,,,443.0,683.0,1276.0,424.0,1583.0,,,2018-11-06 16:06:29,200.0,,,,,1300.0,,,500.0,,,1290195,1
,,,4041.0,1840.0,1840.0,2144.0,2399.0,3819.0,,,,,,1695.0,413.0,653.0,1924.0,721.0,2271.0,,,2018-10-21 21:04:17,,,,300.0,,1400.0,,,500.0,,,2723811,2
,,,36840.0,34955.0,34955.0,,,,,,,,,4264.0,5102.0,5102.0,,,,,,2018-10-19 09:00:08,,,,700.0,,12900.0,,,,,,2168177,2
,,,30511.0,1.0,1.0,,,24631.0,,,,,,4164.0,1.0,120.0,,,4044.0,,,2018-10-27 00:38:37,,,,600.0,,7500.0,,,700.0,,,1477806,3
21377.0,,,,12626.0,12626.0,,,,,,5566.0,,,,1480.0,1600.0,,,,,,2018-11-16 03:34:29,500.0,,,,,4400.0,,,,,,3058053,1
21769.0,,,21352.0,23621.0,23621.0,,,,,19365.0,7416.0,,,5131.0,5698.0,5938.0,,,,,4684.0,2018-10-28 13:38:13,500.0,,,500.0,,7300.0,,,,,500.0,654897,2
,,,,20445.0,20445.0,,,23026.0,,19193.0,,,,,2141.0,2141.0,,,4585.0,,2853.0,2018-10-04 21:34:07,,,,,,7300.0,,,700.0,,500.0,332046,7
,,,,31020.0,31020.0,,,30317.0,,,,,,,4017.0,4317.0,,,6765.0,,,2018-11-21 08:00:02,,,,,,11100.0,,,900.0,,,3178216,7
,26158.0,,27675.0,26245.0,26245.0,,,,,,,4029.0,,4222.0,5053.0,5173.0,,,,,,2018-11-21 06:55:34,,4100.0,,600.0,,11400.0,,,,,,3183536,2
772.0,,,,,,535.0,535.0,,,,717.0,,,,,,456.0,160.0,,,,2018-10-01 16:58:42,200.0,,,,,,,,,,,753085,5
65603.0,,,,58244.0,58244.0,,,,64081.0,,9585.0,,,,3702.0,3882.0,,,,6355.0,,2018-10-27 22:55:53,1600.0,,,,,18400.0,,,,4000.0,,1482778,3
,20720.0,,,17048.0,17048.0,,,35404.0,,,,3270.0,,,2215.0,2515.0,,,4824.0,,,2018-10-28 09:44:03,,1800.0,,,,5000.0,,,900.0,,,637207,10
,26741.0,,24016.0,25013.0,25013.0,,,24144.0,,,,3969.0,,4456.0,2999.0,3179.0,,,4641.0,,,2018-10-01 10:35:16,,3600.0,,500.0,,7700.0,,,700.0,,,737350,2
2466.0,,,,1864.0,1864.0,1039.0,1258.0,,,,1973.0,,,,639.0,759.0,888.0,379.0,,,,2018-10-10 08:50:43,200.0,,,,,1300.0,,,,,,2342374,5
,,,14805.0,15814.0,15814.0,,,,,,,,,2080.0,2134.0,2374.0,,,,,,2018-10-21 10:07:43,,,,500.0,,4300.0,,,,,,2720904,2
6755.0,,,,6442.0,6442.0,,,7057.0,,,2579.0,,,,940.0,1240.0,,,3052.0,,,2018-11-03 07:55:49,200.0,,,,,1800.0,,,500.0,,,1874875,1
7525.0,,,,6059.0,6059.0,,6125.0,,,9293.0,3537.0,,,,805.0,985.0,,1850.0,,,2666.0,2018-11-15 15:00:05,400.0,,,,,1600.0,,,,,400.0,671954,1
,,,,104675.0,104675.0,,,102321.0,,,,,,,6058.0,6358.0,,,13076.0,,,2018-10-05 12:44:55,,,,,,33700.0,,,2400.0,,,404662,4
,,,8314.0,8750.0,8750.0,,7140.0,9650.0,,8314.0,,,,2203.0,1146.0,1326.0,,2157.0,2728.0,,1959.0,2018-10-12 12:20:40,,,,400.0,,2200.0,,,500.0,,400.0,2643807,9
9960.0,,,,9955.0,9955.0,,9698.0,10059.0,,,3345.0,,,,1394.0,1514.0,,2933.0,2982.0,,,2018-10-11 12:42:09,400.0,,,,,2800.0,,,500.0,,,1958280,7
3015.0,,,,1400.0,1400.0,1693.0,1700.0,,,,2163.0,,,,226.0,406.0,1447.0,509.0,,,,2018-10-01 15:15:49,200.0,,,,,1300.0,,,,,,747555,6
,37500.0,,34565.0,32346.0,32346.0,,,,,34565.0,,4537.0,,4634.0,4026.0,4146.0,,,,,4450.0,2018-10-24 08:12:35,,5900.0,,700.0,,11200.0,,,,,700.0,934501,2
4346.0,,,,8697.0,8697.0,3950.0,4325.0,,,,1932.0,,,,1076.0,1256.0,3453.0,1307.0,,,,2018-11-14 10:24:49,200.0,,,,,1800.0,,,,,,2419965,1
,,,12111.0,13958.0,13958.0,,,,,12093.0,,,,2319.0,1308.0,1608.0,,,,,1964.0,2018-11-09 11:55:03,,,,400.0,,3400.0,,,,,400.0,515073,9
,,,42849.0,,39838.0,,,,,,,,,4876.0,,2972.0,,,,,,2018-11-18 22:09:39,,,,700.0,,12900.0,,,,,,2092120,4
,,,7815.0,10023.0,10023.0,,7302.0,,,,,,,1321.0,1841.0,2141.0,,2206.0,,,,2018-11-14 13:16:15,,,,400.0,,3000.0,,,,,,2401234,2
12123.0,11280.0,,,12568.0,12568.0,,,10825.0,,,3792.0,2304.0,,,1328.0,1448.0,,,3247.0,,,2018-11-17 08:06:33,300.0,1700.0,,,,3200.0,,,600.0,,,2854369,7
4682.0,,,7984.0,5127.0,5127.0,4558.0,4554.0,,,,2386.0,,,2854.0,1643.0,1763.0,4073.0,1375.0,,,,2018-10-01 20:43:22,200.0,,,400.0,,1800.0,,,,,,773221,1
29939.0,,,29020.0,25897.0,25897.0,,,,,26655.0,7540.0,,,4253.0,2814.0,3114.0,,,,,4487.0,2018-11-22 06:28:11,700.0,,,600.0,,8300.0,,,,,600.0,1201293,2
,,,27791.0,27666.0,27666.0,,,,,,,,,3049.0,2020.0,2260.0,,,,,,2018-10-16 07:46:00,,,,600.0,,8000.0,,,,,,3327862,2
,,,,50483.0,50483.0,,,41845.0,,,,,,,4728.0,4908.0,,,8341.0,,,2018-11-02 00:47:33,,,,,,17200.0,,,1300.0,,,2981608,3
,,,8657.0,8347.0,8347.0,,8194.0,,,,,,,1434.0,1460.0,1700.0,,2476.0,,,,2018-10-28 15:09:00,,,,400.0,,3000.0,,,,,,653373,2
10691.0,,,,10597.0,10597.0,,,,,,3226.0,,,,2046.0,2226.0,,,,,,2018-11-02 18:20:06,300.0,,,,,5000.0,,,,,,2951227,1
2593.0,,,,5939.0,5939.0,2363.0,2774.0,,,,1999.0,,,,2084.0,2204.0,2101.0,837.0,,,,2018-10-23 17:18:33,200.0,,,,,1500.0,,,,,,1682603,1
43683.0,,,,43781.0,43781.0,,,47044.0,43914.0,50330.0,6436.0,,,,3408.0,3528.0,,,6392.0,5409.0,6084.0,2018-11-20 19:41:03,1000.0,,,,,12700.0,,,900.0,3500.0,700.0,2194215,7
6239.0,,,4827.0,5923.0,5923.0,4556.0,4893.0,,,,2758.0,,,1986.0,932.0,1052.0,4052.0,1478.0,,,,2018-11-29 09:34:13,200.0,,,300.0,,2200.0,,,,,,1817698,2
,,,14391.0,15432.0,15432.0,,,17000.0,,,,,,2875.0,1981.0,2281.0,,,3587.0,,,2018-11-08 22:22:07,,,,500.0,,5100.0,,,700.0,,,1103438,2
8717.0,,,,7956.0,7956.0,,7428.0,,,,4569.0,,,,1453.0,1693.0,,2240.0,,,,2018-11-10 11:18:19,400.0,,,,,2200.0,,,,,,22697,1
,,,,9399.0,9399.0,,7927.0,12206.0,,8446.0,,,,,927.0,1167.0,,2397.0,3016.0,,1765.0,2018-10-30 12:31:57,,,,,,2200.0,,,600.0,,300.0,2809537,9
,,,21274.0,,,,,,,,,,,3455.0,,,,,,,,2018-10-03 10:46:53,,,,500.0,,,,,,,,1563256,2
1237.0,,,,2147.0,2147.0,1096.0,1105.0,,,,831.0,,,,663.0,903.0,1018.0,332.0,,,,2018-10-15 18:01:21,200.0,,,,,1300.0,,,,,,1179362,6
8828.0,,,,9008.0,9008.0,,8571.0,,,12807.0,4064.0,,,,2034.0,2154.0,,2588.0,,,2943.0,2018-10-13 18:12:56,200.0,,,,,3200.0,,,,,400.0,2287197,9
19574.0,,,,21617.0,21617.0,,,19791.0,,,5592.0,,,,2424.0,2544.0,,,4395.0,,,2018-11-01 20:03:53,500.0,,,,,6400.0,,,700.0,,,2610116,7
,,,,25579.0,25579.0,,,25259.0,,26049.0,,,,,4016.0,4196.0,,,7037.0,,4168.0,2018-10-26 17:42:44,,,,,,7900.0,,,700.0,,600.0,3119339,9
,,,7107.0,8161.0,8161.0,,,,,,,,,1440.0,2650.0,2890.0,,,,,,2018-10-03 05:51:44,,,,400.0,,2600.0,,,,,,1591532,2
8199.0,,,10120.0,7949.0,7949.0,,7688.0,,,10120.0,3618.0,,,2625.0,940.0,1240.0,,2322.0,,,2489.0,2018-11-01 08:12:15,400.0,,,400.0,,2900.0,,,,,400.0,2594152,2
15506.0,,,,1.0,1.0,,,13469.0,,,6701.0,,,,1.0,180.0,,,5833.0,,,2018-10-01 12:44:57,400.0,,,,,3900.0,,,500.0,,,756147,7
20589.0,,,,20278.0,20278.0,,,19888.0,,19707.0,5050.0,,,,1822.0,2002.0,,,4403.0,,3452.0,2018-11-09 13:08:46,400.0,,,,,4800.0,,,700.0,,500.0,484490,9
,,,,1516.0,,621.0,640.0,,,,,,,,268.0,,551.0,193.0,,,,2018-11-21 19:00:11,,,,,,,,,,,,3190377,5
4486.0,,,,3816.0,3816.0,3799.0,3831.0,,,,2215.0,,,,654.0,774.0,3493.0,1158.0,,,,2018-11-06 22:08:37,200.0,,,,,1800.0,,,,,,1301517,1
6016.0,,,7481.0,6354.0,6354.0,,6174.0,,,7618.0,2182.0,,,2589.0,591.0,771.0,,1867.0,,,2158.0,2018-10-29 10:40:46,200.0,,,300.0,,1500.0,,,,,300.0,828664,9
7717.0,,,,7271.0,7271.0,,6745.0,9509.0,,,3337.0,,,,1206.0,1326.0,,2038.0,3337.0,,,2018-11-16 12:56:17,200.0,,,,,2700.0,,,500.0,,,3059616,1
13866.0,17582.0,,,14030.0,14030.0,,,13706.0,,,5328.0,3305.0,,,2276.0,2396.0,,,4145.0,,,2018-11-17 17:18:13,500.0,2500.0,,,,4700.0,,,600.0,,,2849220,7
,,,10852.0,11104.0,11104.0,,,11027.0,,11403.0,,,,2568.0,1399.0,1699.0,,,3331.0,,2569.0,2018-11-12 11:17:18,,,,400.0,,2700.0,,,600.0,,400.0,980783,2
3275.0,,,3130.0,2870.0,2870.0,2870.0,2948.0,,,,2154.0,,,1485.0,455.0,575.0,2598.0,889.0,,,,2018-11-02 14:41:18,200.0,,,300.0,,1300.0,,,,,,2988455,2
16827.0,,,,13236.0,13236.0,,,,,,5448.0,,,,1489.0,1789.0,,,,,,2018-10-17 05:45:29,500.0,,,,,4000.0,,,,,,217690,1
,,22267.0,15578.0,14780.0,14780.0,,,15390.0,,,,,4271.0,4000.0,2314.0,2554.0,,,5281.0,,,2018-11-07 11:10:37,,,700.0,500.0,,3600.0,,,600.0,,,3211594,2
9604.0,,,11037.0,9620.0,9620.0,,9739.0,,,11169.0,3653.0,,,3025.0,1705.0,1945.0,,2946.0,,,2595.0,2018-10-07 10:57:54,200.0,,,400.0,,3400.0,,,,,400.0,2476527,9
,,,8958.0,8776.0,8776.0,,8176.0,,,9054.0,,,,2016.0,1381.0,1681.0,,2471.0,,,1894.0,2018-10-23 21:09:39,,,,400.0,,3700.0,,,,,400.0,1655380,2
14117.0,,,13959.0,11889.0,11889.0,,,,,,5199.0,,,2904.0,1858.0,2158.0,,,,,,2018-10-31 19:52:40,400.0,,,500.0,,4400.0,,,,,,89431,2
,,,,25662.0,25662.0,,,35433.0,,25896.0,,,,,3998.0,4298.0,,,6004.0,,4347.0,2018-10-22 16:24:38,,,,,,7200.0,,,800.0,,600.0,3004986,3
1965.0,,,,2846.0,2846.0,1589.0,2169.0,,,,1623.0,,,,427.0,547.0,1429.0,652.0,,,,2018-10-14 10:17:55,200.0,,,,,1300.0,,,,,,1982392,4
7482.0,,,,9869.0,9869.0,,7018.0,,,,2721.0,,,,1137.0,1317.0,,2120.0,,,,2018-11-06 20:53:41,200.0,,,,,3300.0,,,,,,1309859,1
,,,,5233.0,5233.0,3178.0,5125.0,10334.0,,,,,,,1045.0,1165.0,2759.0,1546.0,3212.0,,,2018-11-10 13:00:54,,,,,,2000.0,,,500.0,,,44967,4
,,,43006.0,40925.0,40925.0,,,44431.0,,,,,,5507.0,5203.0,5503.0,,,6710.0,,,2018-10-14 17:45:29,,,,700.0,,12800.0,,,900.0,,,1980695,2
44511.0,,50026.0,,47500.0,47500.0,,,52001.0,42582.0,,7573.0,,7292.0,,3387.0,3507.0,,,7749.0,5269.0,,2018-10-30 19:42:44,1100.0,,900.0,,,13900.0,,,1100.0,3700.0,,2788890,1
4396.0,,,,5392.0,5392.0,3905.0,5236.0,5919.0,,,2043.0,,,,733.0,913.0,3534.0,1584.0,2338.0,,,2018-10-17 13:34:56,200.0,,,,,1400.0,,,500.0,,,234704,1
4163.0,,,,3589.0,3589.0,2468.0,3005.0,,,,2596.0,,,,869.0,1169.0,2190.0,905.0,,,,2018-10-20 13:33:11,200.0,,,,,1500.0,,,,,,192662,1
,,,18583.0,,,,,17825.0,,,,,,3233.0,,,,,3930.0,,,2018-10-03 17:54:54,,,,500.0,,,,,600.0,,,1587900,2
,,,,1762.0,,812.0,869.0,,,,,,,,225.0,,745.0,262.0,,,,2018-10-14 10:19:02,,,,,,,,,,,,2034641,5
12586.0,,,,11852.0,11852.0,,,,14401.0,,5432.0,,,,1547.0,1667.0,,,,3826.0,,2018-10-26 17:07:50,400.0,,,,,4400.0,,,,2200.0,,3117346,8
,,,6895.0,6577.0,6577.0,4530.0,4888.0,5577.0,,6969.0,,,,2086.0,977.0,1217.0,3988.0,1475.0,2795.0,,1731.0,2018-11-11 12:31:04,,,,300.0,,2100.0,,,500.0,,300.0,582011,9
37493.0,30869.0,,,31400.0,31400.0,,,31348.0,,32670.0,5564.0,3445.0,,,2697.0,2817.0,,,4464.0,,4147.0,2018-11-24 20:28:34,3000.0,4200.0,,,,10000.0,,,3100.0,,3000.0,3386583,10
,,,9361.0,10885.0,10885.0,,,,,,,,,1990.0,1926.0,2226.0,,,,,,2018-11-18 13:42:35,,,,400.0,,4500.0,,,,,,2122411,2
,,,,22487.0,22487.0,,,22530.0,,22422.0,,,,,3088.0,3388.0,,,4417.0,,3489.0,2018-11-10 17:15:44,,,,,,6500.0,,,1000.0,,500.0,11473,9
1393.0,,,,1599.0,1599.0,1091.0,1229.0,,,,1462.0,,,,333.0,453.0,951.0,369.0,,,,2018-11-23 13:51:02,200.0,,,,,1300.0,,,,,,568709,5
15014.0,,,,6521.0,6521.0,,6105.0,12844.0,,,5161.0,,,,1280.0,1580.0,,1841.0,3668.0,,,2018-10-13 07:34:33,400.0,,,,,2000.0,,,500.0,,,2263452,4
,,,2175.0,4304.0,4304.0,1742.0,2876.0,,,,,,,1252.0,887.0,1127.0,1521.0,864.0,,,,2018-11-20 18:22:26,,,,300.0,,1600.0,,,,,,2191167,2
,,,29610.0,24847.0,24847.0,,,,,,,,,4576.0,2513.0,2753.0,,,,,,2018-10-25 14:02:52,,,,500.0,,6300.0,,,,,,2306334,2
6117.0,,,6530.0,6887.0,6887.0,,5725.0,,,,4194.0,,,2283.0,2115.0,2415.0,,1728.0,,,,2018-10-15 09:15:43,400.0,,,300.0,,3000.0,,,,,,1166386,2
20309.0,,,,18135.0,18135.0,,,21440.0,,21266.0,6644.0,,,,2528.0,2588.0,,,5029.0,,4362.0,2018-10-04 10:03:16,500.0,,,,,5400.0,,,700.0,,500.0,321966,9
4805.0,,,,5510.0,5510.0,4427.0,,,,,2088.0,,,,1220.0,1520.0,3945.0,,,,,2018-10-19 14:54:14,200.0,,,,,1800.0,,,,,,2146276,1
,,,5468.0,4513.0,4513.0,4000.0,4328.0,,,,,,,1449.0,725.0,905.0,3514.0,1308.0,,,,2018-10-03 15:56:03,,,,300.0,,1400.0,,,,,,1565311,2
,11893.0,,13330.0,13647.0,13647.0,,,,,13315.0,,2113.0,,2851.0,1697.0,1877.0,,,,,2549.0,2018-11-15 19:57:09,,1700.0,,400.0,,4300.0,,,,,400.0,694000,2
,30422.0,,30533.0,34455.0,34455.0,,,,,30570.0,,3523.0,,3952.0,2630.0,2930.0,,,,,3493.0,2018-11-27 18:54:45,,2300.0,,600.0,,10000.0,,,,,600.0,1023450,2
2535.0,,,,1548.0,1548.0,1548.0,1548.0,,,,1706.0,,,,594.0,714.0,1424.0,466.0,,,,2018-11-30 23:40:36,200.0,,,,,1300.0,,,,,,2443783,4
6671.0,,,,6435.0,6435.0,,6470.0,,,,1847.0,,,,788.0,1088.0,,1957.0,,,,2018-10-16 21:44:30,200.0,,,,,2500.0,,,,,,3317362,1
,,,,1410.0,,847.0,847.0,,,,,,,,178.0,,754.0,255.0,,,,2018-11-14 11:39:37,,,,,,,,,,,,2398481,5
18814.0,,,,19205.0,19205.0,,,17607.0,,,4113.0,,,,1404.0,1524.0,,,3832.0,,,2018-11-22 20:35:21,400.0,,,,,5200.0,,,600.0,,,1222733,1
25675.0,,,33777.0,23759.0,23759.0,,,,,,2591.0,,,3705.0,2034.0,2154.0,,,,,,2018-11-01 14:26:23,2200.0,,,2900.0,,5900.0,,,,,,2588742,1
,,,,1943.0,,36.0,178.0,,,,,,,,617.0,,30.0,53.0,,,,2018-10-10 16:57:29,,,,,,,,,,,,2344879,5
,,,,1174.0,,426.0,426.0,,,,,,,,168.0,,364.0,128.0,,,,2018-11-19 17:47:55,,,,,,,,,,,,2545425,5
5618.0,,,7589.0,6941.0,6941.0,,5517.0,,,7594.0,2075.0,,,2207.0,1146.0,1386.0,,1668.0,,,1928.0,2018-11-29 18:12:04,200.0,,,400.0,,2600.0,,,,,400.0,1799014,1
11624.0,,,,13894.0,13894.0,,,,,,4328.0,,,,2217.0,2457.0,,,,,,2018-11-29 09:08:58,300.0,,,,,5000.0,,,,,,1809212,1
,,,61934.0,58878.0,58878.0,,,,,61934.0,,,,7444.0,6430.0,6550.0,,,,,7169.0,2018-10-20 11:26:03,,,,800.0,,20400.0,,,,,800.0,198399,9
63095.0,,,,60189.0,60189.0,,,62553.0,,,12208.0,,,,8227.0,8347.0,,,10302.0,,,2018-10-29 07:46:04,1500.0,,,,,24500.0,,,1500.0,,,807325,3
3306.0,,,,2816.0,2816.0,2173.0,2240.0,,,,1995.0,,,,658.0,778.0,1981.0,675.0,,,,2018-10-23 08:26:41,200.0,,,,,1300.0,,,,,,1691519,1
31585.0,,,,27754.0,27754.0,,,32496.0,,,6342.0,,,,3111.0,3231.0,,,4835.0,,,2018-10-10 09:44:05,700.0,,,,,7600.0,,,900.0,,,2360252,3
10774.0,,,9926.0,12092.0,12092.0,,,,,,4376.0,,,2800.0,2389.0,2569.0,,,,,,2018-11-01 15:17:34,2500.0,,,400.0,,3200.0,,,,,,2615854,2
6687.0,,,,6236.0,6236.0,,5257.0,6669.0,,,3777.0,,,,1843.0,2143.0,,1590.0,3044.0,,,2018-10-11 09:30:00,200.0,,,,,3300.0,,,500.0,,,1979244,7
9009.0,,,13057.0,8486.0,8486.0,,7986.0,,,13233.0,3318.0,,,3842.0,1562.0,1862.0,,2414.0,,,2567.0,2018-11-04 14:33:41,200.0,,,400.0,,3000.0,,,,,400.0,1725859,1
,,,26717.0,26099.0,26099.0,,,,,,,,,2953.0,2872.0,2992.0,,,,,,2018-11-03 12:04:33,,,,600.0,,9900.0,,,,,,1863256,2
,30608.0,,,27300.0,27300.0,,,29980.0,,29788.0,,4726.0,,,4308.0,4548.0,,,6046.0,,4306.0,2018-11-26 17:14:35,,5500.0,,,,12300.0,,,800.0,,600.0,860923,7
15887.0,,18276.0,23576.0,15109.0,15109.0,,,,,,4149.0,,3356.0,5463.0,1904.0,1904.0,,,,,,2018-10-19 12:21:42,400.0,,700.0,500.0,,4000.0,,,,,,2156477,11
1392.0,,,,1404.0,1404.0,1349.0,1349.0,,,,1168.0,,,,269.0,569.0,1246.0,407.0,,,,2018-11-23 11:18:24,200.0,,,,,1300.0,,,,,,551998,1
,,,,24809.0,24809.0,,,23574.0,19748.0,22943.0,,,,,2756.0,3056.0,,,5664.0,4869.0,3846.0,2018-11-29 11:53:14,,,,,,5600.0,,,700.0,1900.0,500.0,1820550,7
,,,,38036.0,38036.0,,,35194.0,40977.0,,,,,,2862.0,3102.0,,,5609.0,7233.0,,2018-11-07 23:57:43,,,,,,11400.0,,,800.0,5200.0,,3215067,4
11948.0,,,,12198.0,12198.0,,,14142.0,,,5332.0,,,,1675.0,1855.0,,,4977.0,,,2018-10-21 12:42:45,200.0,,,,,4300.0,,,800.0,,,2716154,3
,,,10055.0,11049.0,11049.0,,5337.0,12262.0,,,,,,1923.0,1135.0,1435.0,,1612.0,2625.0,,,2018-10-19 19:53:32,,,,400.0,,2900.0,,,600.0,,,2171900,2
13926.0,,,,8706.0,8706.0,,8429.0,,,,3874.0,,,,961.0,1141.0,,2548.0,,,,2018-10-14 15:32:29,400.0,,,,,2300.0,,,,,,1985391,1
,,,,1050.0,,396.0,607.0,,,,,,,,242.0,,378.0,180.0,,,,2018-11-29 12:09:24,,,,,,,,,,,,1808701,5
4288.0,,,5571.0,3213.0,3213.0,3029.0,3373.0,,,,2096.0,,,2223.0,415.0,535.0,2725.0,1018.0,,,,2018-11-02 05:22:39,200.0,,,300.0,,1300.0,,,,,,2991325,1
12035.0,,,,10666.0,10666.0,,,14854.0,,,2706.0,,,,1104.0,1224.0,,,3576.0,,,2018-11-13 10:53:10,300.0,,,,,2800.0,,,600.0,,,1909432,1
,,,,,,,,29822.0,,,,,,,,,,,5034.0,,,2018-10-27 17:57:21,,,,,,,,,800.0,,,1463939,7
2722.0,,,,3223.0,3223.0,2599.0,2595.0,,,,1924.0,,,,604.0,784.0,2334.0,783.0,,,,2018-10-30 20:25:24,200.0,,,,,1400.0,,,,,,2794999,4
,,,32779.0,27108.0,27108.0,,,,,,,,,4982.0,2606.0,2786.0,,,,,,2018-10-31 23:22:21,,,,600.0,,8400.0,,,,,,67814,4
,,28875.0,,26348.0,26348.0,,,29465.0,,,,,4128.0,,1591.0,1831.0,,,5356.0,,,2018-11-28 00:54:03,,,1500.0,,,7300.0,,,1600.0,,,1540608,3
,54644.0,,54583.0,48486.0,48486.0,,,,,,,6189.0,,6392.0,6107.0,6347.0,,,,,,2018-10-31 14:39:00,,3800.0,,800.0,,14900.0,,,,,,60760,2
14539.0,17206.0,,,17486.0,17486.0,,,17048.0,,,5695.0,2694.0,,,3330.0,3570.0,,,4199.0,,,2018-10-15 07:40:51,400.0,2500.0,,,,6600.0,,,700.0,,,1149203,7
4627.0,,,,5014.0,5014.0,3961.0,3961.0,,,,1191.0,,,,611.0,911.0,3542.0,1197.0,,,,2018-10-14 15:31:06,200.0,,,,,1300.0,,,,,,2002709,1
,,,,41442.0,41442.0,,,43993.0,,,,,,,4484.0,4664.0,,,5913.0,,,2018-11-17 16:53:19,,,,,,13900.0,,,900.0,,,2852581,7
4551.0,,,5807.0,5490.0,5490.0,4481.0,5195.0,,,5864.0,2089.0,,,2056.0,974.0,1214.0,4027.0,1567.0,,,1713.0,2018-11-18 18:51:53,200.0,,,300.0,,1900.0,,,,,300.0,2089264,4
4331.0,,,4520.0,4737.0,4737.0,4056.0,4320.0,,,,1767.0,,,2499.0,855.0,1155.0,3654.0,1306.0,,,,2018-10-03 09:16:41,200.0,,,300.0,,1500.0,,,,,,1628581,4
,,,,1421.0,,323.0,353.0,,,,,,,,552.0,,306.0,104.0,,,,2018-11-16 18:17:59,,,,,,,,,,,,3059202,5
,,,6631.0,1.0,1.0,,,,,,,,,1392.0,1.0,240.0,,,,,,2018-10-19 08:08:07,,,,300.0,,2500.0,,,,,,2162113,2
,48767.0,,46313.0,39889.0,39889.0,,,,,,,6338.0,,4937.0,5492.0,5732.0,,,,,,2018-11-09 16:38:10,,8700.0,,3000.0,,15300.0,,,,,,476263,2
20275.0,,,,20915.0,20915.0,,,22253.0,,22241.0,5782.0,,,,2450.0,2750.0,,,4233.0,,3722.0,2018-11-11 13:34:25,500.0,,,,,6200.0,,,700.0,,500.0,613491,9
,,,,76856.0,76856.0,,,82346.0,,,,,,,4984.0,5284.0,,,12310.0,,,2018-10-20 20:23:28,,,,,,22300.0,,,1700.0,,,158332,7
,,,19584.0,26017.0,26017.0,,,,,19804.0,,,,2699.0,2090.0,2270.0,,,,,2416.0,2018-11-06 17:13:07,,,,500.0,,8000.0,,,,,500.0,1308269,2
,39048.0,,38126.0,31499.0,31499.0,,,40969.0,,,,3560.0,,4094.0,2339.0,2579.0,,,5041.0,,,2018-11-12 14:34:06,,4000.0,,700.0,,7500.0,,,,,,1013111,2
,,,,2026.0,,224.0,224.0,,,,,,,,393.0,,191.0,67.0,,,,2018-10-17 14:39:24,,,,,,,,,,,,238045,5
13483.0,,,14168.0,17126.0,17126.0,,,,,14200.0,5279.0,,,3127.0,1728.0,1968.0,,,,,2956.0,2018-10-03 12:15:04,500.0,,,500.0,,4900.0,,,,,500.0,1611322,9
9297.0,,,9820.0,8560.0,8560.0,,7999.0,,,9469.0,3304.0,,,2485.0,1618.0,1738.0,,2416.0,,,2295.0,2018-10-16 16:45:25,200.0,,,400.0,,2900.0,,,,,400.0,3317792,9
,,,,9305.0,9305.0,,8946.0,13066.0,,11150.0,,,,,2183.0,2303.0,,2704.0,3590.0,,2282.0,2018-11-23 10:06:34,,,,,,2900.0,,,600.0,,400.0,568461,3
,,,,58041.0,58041.0,,,67167.0,,,,,,,3556.0,3796.0,,,10235.0,,,2018-10-25 20:39:30,,,,,,20200.0,,,,,,2338631,7
16152.0,16781.0,,,12528.0,12528.0,,,13458.0,,13153.0,4590.0,3135.0,,,2348.0,2648.0,,,3281.0,,2495.0,2018-11-08 10:21:58,400.0,1700.0,,,,3900.0,,,600.0,,400.0,1069799,10
,,,,578.0,,514.0,514.0,,,,,,,,121.0,,459.0,154.0,,,,2018-11-16 13:22:08,,,,,,,,,,,,3076851,5
,52108.0,,53310.0,45918.0,45918.0,,,46515.0,,,,6310.0,,6564.0,4293.0,4353.0,,,6845.0,,,2018-10-18 16:30:39,,4900.0,,700.0,,14900.0,,,2400.0,,,2777712,2
11546.0,13851.0,,,14954.0,14954.0,,,11861.0,,11598.0,4574.0,2319.0,,,1774.0,2074.0,,,3342.0,,2789.0,2018-10-24 15:15:20,400.0,1700.0,,,,3600.0,,,600.0,,400.0,953641,9
,26937.0,,,18149.0,18149.0,,,28374.0,,26561.0,,3366.0,,,2293.0,2473.0,,,4236.0,,3678.0,2018-10-21 10:37:57,,2000.0,,,,5300.0,,,800.0,,600.0,2706464,3
14190.0,16187.0,,15953.0,16148.0,16148.0,,,,,,4912.0,2932.0,,3326.0,2594.0,2774.0,,,,,,2018-11-03 10:29:30,300.0,1800.0,,500.0,,5200.0,,,,,,1847459,2
7045.0,,,,5622.0,5622.0,,5534.0,7893.0,,7590.0,2036.0,,,,747.0,867.0,,1673.0,2107.0,,1453.0,2018-10-04 09:25:29,200.0,,,,,1600.0,,,600.0,,400.0,284416,9
,22395.0,,23073.0,,21211.0,,,20802.0,,23063.0,,3601.0,,4249.0,,1831.0,,,4732.0,,3925.0,2018-10-05 07:37:06,,3100.0,,500.0,,5400.0,,,700.0,,500.0,370133,4
22987.0,,,,23991.0,23991.0,,,28515.0,,,6197.0,,,,2693.0,2993.0,,,7119.0,,,2018-11-01 12:21:50,600.0,,,,,6300.0,,,2200.0,,,2597126,1
,,,28367.0,26368.0,26368.0,,,29874.0,,,,,,3258.0,3215.0,3395.0,,,4456.0,,,2018-10-21 16:56:55,,,,600.0,,8200.0,,,800.0,,,2681561,2
1694.0,,,,2099.0,,973.0,1524.0,,,,982.0,,,,438.0,,832.0,460.0,,,,2018-11-08 13:32:23,200.0,,,,,,,,,,,1083878,5
,17942.0,,15363.0,14031.0,14031.0,,,,,,,2604.0,,2718.0,1771.0,2011.0,,,,,,2018-10-01 15:19:32,,2400.0,,500.0,,4300.0,,,,,,777877,2
23741.0,,,29252.0,24088.0,24088.0,,,,,29252.0,7341.0,,,4917.0,2854.0,3094.0,,,,,4666.0,2018-11-25 13:48:46,600.0,,,600.0,,8400.0,,,,,600.0,3269501,9
4673.0,,,,5225.0,5225.0,4424.0,4437.0,,,6693.0,3097.0,,,,859.0,979.0,4079.0,1338.0,,,1979.0,2018-10-05 21:05:39,400.0,,,,,2200.0,,,,,300.0,359579,1
54136.0,,,,57734.0,57734.0,,,56228.0,,,9070.0,,,,6146.0,6146.0,,,7662.0,,,2018-11-19 16:30:07,1100.0,,,,,18100.0,,,1500.0,,,2547741,7
1490.0,,,,,1105.0,1141.0,1141.0,,,,1382.0,,,,,482.0,1027.0,345.0,,,,2018-10-13 13:01:30,200.0,,,,,1300.0,,,,,,2250183,5
7607.0,,,4712.0,4363.0,4363.0,3341.0,3622.0,,,,3186.0,,,2054.0,732.0,1032.0,3037.0,1092.0,,,,2018-10-06 16:58:24,200.0,,,300.0,,1500.0,,,,,,2920672,2
12376.0,,,,11177.0,11177.0,,,12611.0,,14266.0,4539.0,,,,1664.0,1964.0,,,3586.0,,3248.0,2018-10-21 09:53:34,400.0,,,,,3400.0,,,600.0,,400.0,2692778,9
6593.0,,,10341.0,6371.0,6371.0,,6378.0,,,,2318.0,,,2875.0,1142.0,1322.0,,1929.0,,,,2018-10-26 18:44:31,200.0,,,400.0,,2800.0,,,,,,3149267,1
1434.0,,,,1773.0,1773.0,1101.0,1104.0,,,,1136.0,,,,469.0,589.0,1012.0,332.0,,,,2018-10-17 19:13:48,200.0,,,,,1300.0,,,,,,231703,5
,15349.0,,,16154.0,16154.0,,,15016.0,,,,2471.0,,,2048.0,2348.0,,,3263.0,,,2018-11-07 13:32:24,,1700.0,,,,4500.0,,,600.0,,,3225689,7
5464.0,,,6233.0,7094.0,7094.0,,5345.0,,,7821.0,2550.0,,,2002.0,963.0,1263.0,,1613.0,,,2032.0,2018-10-01 13:08:50,200.0,,,300.0,,2300.0,,,,,300.0,706823,2
,,,,1274.0,,193.0,937.0,,,,,,,,639.0,,185.0,282.0,,,,2018-10-06 19:16:30,,,,,,,,,,,,2886685,5
16368.0,,,,14155.0,,,,,,,3739.0,,,,1333.0,,,,,,,2018-10-01 11:28:24,500.0,,,,,,,,,,,765413,1
,,,19697.0,19543.0,19543.0,,,21491.0,,,,,,2995.0,2686.0,2866.0,,,4313.0,,,2018-11-15 16:38:53,,,,500.0,,6100.0,,,700.0,,,675851,2
,26008.0,,,26097.0,26097.0,,,24797.0,,26429.0,,3522.0,,,3169.0,3349.0,,,5878.0,,3557.0,2018-11-13 18:51:09,,1900.0,,,,8500.0,,,800.0,,600.0,1919327,7
,,,14051.0,14624.0,14624.0,,,,,14764.0,,,,2342.0,1196.0,1436.0,,,,,2369.0,2018-11-30 07:33:50,,,,500.0,,4100.0,,,,,500.0,2426794,2
13154.0,,,,11980.0,11980.0,,,,,12857.0,5385.0,,,,1457.0,1577.0,,,,,3185.0,2018-10-16 13:00:29,500.0,,,,,3000.0,,,,,400.0,3326035,9
20096.0,,21252.0,26640.0,20560.0,20560.0,,,,,,4666.0,,4429.0,6151.0,1614.0,1794.0,,,,,,2018-11-14 22:07:45,600.0,,700.0,600.0,,6100.0,,,,,,2416958,3
29704.0,,,25800.0,25318.0,25318.0,,,,,,7713.0,,,4069.0,3497.0,3797.0,,,,,,2018-10-19 17:35:08,700.0,,,600.0,,10000.0,,,,,,2158093,2
,,37351.0,,29497.0,29497.0,,,39008.0,,,,,6280.0,,3392.0,3692.0,,,7411.0,,,2018-11-19 07:51:37,,,1200.0,,,11500.0,,,1100.0,,,2543034,7
4461.0,,,,4363.0,4363.0,3253.0,3666.0,,,4421.0,1928.0,,,,655.0,835.0,2953.0,1106.0,,,1733.0,2018-11-07 22:42:10,200.0,,,,,1900.0,,,,,300.0,3199175,1
9369.0,,,10290.0,8893.0,8893.0,,9655.0,,,,2986.0,,,2612.0,1235.0,1415.0,,2920.0,,,,2018-10-12 22:26:15,200.0,,,400.0,,3100.0,,,,,,2645911,2
,,,36030.0,30357.0,30357.0,,,33916.0,,,,,,3993.0,3213.0,3393.0,,,5570.0,,,2018-10-07 17:14:06,,,,2900.0,,8700.0,,,500.0,,,2506571,2
20605.0,,,,20206.0,20206.0,,,21207.0,,21199.0,4911.0,,,,2958.0,3198.0,,,3747.0,,3222.0,2018-10-23 08:01:43,500.0,,,,,7100.0,,,700.0,,500.0,1690495,7
,,,22027.0,20950.0,20950.0,,,21789.0,,,,,,3452.0,2507.0,2507.0,,,4117.0,,,2018-10-07 17:28:20,,,,500.0,,6200.0,,,700.0,,,2496427,2
,,,31971.0,38074.0,38074.0,,,31159.0,,31971.0,,,,6766.0,3205.0,3505.0,,,6744.0,,5274.0,2018-11-04 09:39:35,,,,600.0,,10200.0,,,1000.0,,600.0,1744017,7
,,,7072.0,7469.0,7469.0,,6488.0,,,,,,,1555.0,2115.0,2235.0,,1959.0,,,,2018-11-17 17:57:56,,,,400.0,,3100.0,,,,,,2856829,2
,,,24893.0,18933.0,18933.0,,,18279.0,,,,,,2229.0,3220.0,3340.0,,,3283.0,,,2018-10-25 17:28:56,,,,600.0,,7400.0,,,700.0,,,2293406,2
18758.0,20872.0,,20234.0,22079.0,22079.0,,,,,20234.0,6350.0,3603.0,,3874.0,4289.0,4409.0,,,,,3589.0,2018-11-18 17:57:11,500.0,2500.0,,500.0,,6800.0,,,,,500.0,2099391,2
,,,3370.0,5232.0,5232.0,2816.0,,,,,,,,989.0,1447.0,1447.0,2540.0,,,,,2018-10-17 17:08:29,,,,300.0,,3200.0,,,,,,234939,2
4104.0,,,,4022.0,4022.0,3625.0,3633.0,,,,2002.0,,,,924.0,1104.0,3274.0,1097.0,,,,2018-11-22 20:59:03,200.0,,,,,2000.0,,,,,,1229551,1
14774.0,,,16277.0,13693.0,13693.0,,,,,,5950.0,,,4099.0,3151.0,3331.0,,,,,,2018-10-15 17:55:40,400.0,,,500.0,,6000.0,,,,,,1169839,2
1385.0,,,,759.0,,786.0,786.0,,,,1034.0,,,,201.0,,693.0,237.0,,,,2018-10-19 17:45:10,200.0,,,,,,,,,,,2144206,5
8934.0,,,9606.0,8763.0,8763.0,,8638.0,,,9658.0,3194.0,,,2286.0,1514.0,1814.0,,2611.0,,,2056.0,2018-10-25 13:05:30,200.0,,,400.0,,2800.0,,,,,400.0,2303192,9
3650.0,,,4253.0,3318.0,3318.0,2313.0,2365.0,,,,1624.0,,,1726.0,545.0,545.0,2068.0,712.0,,,,2018-10-21 15:05:35,200.0,,,300.0,,1300.0,,,,,,2688132,1
11694.0,,,16945.0,13776.0,13776.0,,9777.0,,,17850.0,5266.0,,,3312.0,3368.0,3548.0,,2953.0,,,3224.0,2018-10-11 17:38:55,400.0,,,500.0,,4400.0,,,,,500.0,1940145,9
11513.0,,,,9558.0,9558.0,,8905.0,,,,2738.0,,,,1354.0,1534.0,,2691.0,,,,2018-10-30 16:03:16,300.0,,,,,2700.0,,,,,,2807476,1
,51094.0,,51923.0,52769.0,52769.0,,,54509.0,,,,4942.0,,5804.0,4032.0,4212.0,,,7330.0,,,2018-11-08 13:55:15,,4000.0,,700.0,,13900.0,,,1100.0,,,1079505,2
11697.0,10244.0,,,12910.0,12910.0,,,10832.0,,,3874.0,2095.0,,,1343.0,1643.0,,,2863.0,,,2018-11-09 22:05:23,400.0,1700.0,,,,4200.0,,,600.0,,,515401,7
47887.0,,,,46266.0,46266.0,,,,49179.0,,7406.0,,,,3636.0,3756.0,,,,6074.0,,2018-11-27 11:57:04,1200.0,,,,,12700.0,,,,3200.0,,1060050,1
,21784.0,,,17939.0,17939.0,,,18120.0,,19757.0,,3115.0,,,3241.0,3241.0,,,3715.0,,3224.0,2018-10-31 16:56:45,,2100.0,,,,8900.0,,,700.0,,500.0,60301,9
,,,14550.0,1.0,1.0,,,14335.0,,,,,,2573.0,1.0,180.0,,,3235.0,,,2018-10-08 13:47:20,,,,500.0,,3300.0,,,600.0,,,108710,2
21504.0,,,,26011.0,26011.0,,,20608.0,,,5001.0,,,,2181.0,2301.0,,,5234.0,,,2018-11-22 07:01:59,1500.0,,,,,6500.0,,,700.0,,,1202109,3
,25852.0,,,25382.0,25382.0,,,25176.0,,24438.0,,3713.0,,,1836.0,2136.0,,,4364.0,,3421.0,2018-10-15 09:40:52,,2700.0,,,,6300.0,,,700.0,,600.0,1168092,7
,,,33129.0,36056.0,36056.0,,,33220.0,,33129.0,,,,5975.0,4829.0,5009.0,,,6537.0,,5703.0,2018-10-26 14:30:02,,,,600.0,,11000.0,,,800.0,,600.0,3114764,9
576.0,,,,548.0,,577.0,577.0,,,,624.0,,,,80.0,,524.0,174.0,,,,2018-10-23 12:06:27,200.0,,,,,,,,,,,1693540,5
1512.0,,,,2016.0,,997.0,1397.0,,,,1456.0,,,,360.0,,884.0,421.0,,,,2018-10-23 12:06:32,200.0,,,,,,,,,,,1670079,5
,21917.0,,19961.0,21235.0,21235.0,,,22475.0,,,,3485.0,,3219.0,2497.0,2737.0,,,4481.0,,,2018-10-10 12:29:03,,1800.0,,500.0,,5200.0,,,700.0,,,2341444,2
38306.0,,,,32458.0,32458.0,,,40245.0,,46164.0,5948.0,,,,2386.0,2626.0,,,5136.0,,5360.0,2018-11-04 23:00:01,3200.0,,,,,9400.0,,,3100.0,,3000.0,1740254,3
,30442.0,,26467.0,22193.0,22193.0,,,,,,,4262.0,,4395.0,3094.0,3334.0,,,,,,2018-10-06 18:27:34,,1900.0,,600.0,,6800.0,,,,,,2907834,2
18223.0,,,,14195.0,14195.0,,,,,,6232.0,,,,1634.0,1874.0,,,,,,2018-11-18 00:29:28,500.0,,,,,5000.0,,,,,,2114657,1
,,,8738.0,9270.0,9270.0,,,9561.0,,,,,,1980.0,2053.0,2293.0,,,2247.0,,,2018-11-17 17:32:31,,,,400.0,,3200.0,,,600.0,,,2854197,2
,,,,1943.0,,568.0,850.0,,,,,,,,329.0,,486.0,252.0,,,,2018-11-25 20:52:18,,,,,,,,,,,,3282282,5
39459.0,,,,35041.0,35041.0,,,37456.0,,36987.0,7497.0,,,,3125.0,3425.0,,,5847.0,,5186.0,2018-11-11 10:29:06,900.0,,,,,10600.0,,,900.0,,700.0,604574,9
36139.0,,,,26456.0,26456.0,,,28013.0,,,8605.0,,,,2763.0,2943.0,,,6392.0,,,2018-11-10 17:06:21,1000.0,,,,,7400.0,,,800.0,,,40011,7
,12502.0,,,12444.0,12444.0,,,13342.0,,14928.0,,2113.0,,,2003.0,2183.0,,,3305.0,,3166.0,2018-11-29 17:08:43,,1900.0,,,,5200.0,,,600.0,,500.0,1817223,7
10183.0,,,11627.0,10232.0,10232.0,,,,,11934.0,4005.0,,,2686.0,1562.0,1742.0,,,,,2294.0,2018-11-17 14:42:56,200.0,,,400.0,,3700.0,,,,,400.0,2863276,9
,,,1863.0,864.0,,696.0,696.0,,,,,,,893.0,223.0,,596.0,210.0,,,,2018-11-17 18:44:04,,,,300.0,,,,,,,,2842734,5
,,,7313.0,6515.0,6515.0,,6500.0,6635.0,,,,,,2154.0,2291.0,2591.0,,1965.0,2259.0,,,2018-10-18 16:36:56,,,,400.0,,2900.0,,,500.0,,,2734129,2
44999.0,,,,48081.0,48081.0,,,52603.0,,,11801.0,,,,3999.0,4299.0,,,8576.0,,,2018-10-10 11:09:34,1200.0,,,,,13700.0,,,1100.0,,,2386263,7
734.0,,,,2131.0,,592.0,744.0,,,,846.0,,,,613.0,,557.0,224.0,,,,2018-10-21 15:43:29,200.0,,,,,,,,,,,2732097,5
6761.0,,,8402.0,7018.0,7018.0,,4933.0,,,,3774.0,,,2963.0,1706.0,1946.0,,1492.0,,,,2018-11-29 11:10:31,400.0,,,400.0,,2300.0,,,,,,1822527,2
,,,5180.0,4419.0,4419.0,4258.0,4437.0,,,,,,,1277.0,842.0,1022.0,3967.0,1341.0,,,,2018-10-01 06:47:04,,,,300.0,,1500.0,,,,,,768123,2
12671.0,13812.0,,,12119.0,12119.0,,,16805.0,,15955.0,4041.0,3009.0,,,2396.0,2696.0,,,3482.0,,3013.0,2018-10-11 12:26:31,400.0,1700.0,,,,3500.0,,,700.0,,500.0,1942051,7
,28497.0,,,26352.0,26352.0,,,30212.0,,,,3705.0,,,3094.0,3274.0,,,4728.0,,,2018-11-21 10:18:42,,1900.0,,,,7000.0,,,800.0,,,3179444,7
5076.0,,,,4539.0,4539.0,4441.0,,5727.0,,,2408.0,,,,841.0,961.0,3981.0,,2642.0,,,2018-10-23 16:19:39,200.0,,,,,1800.0,,,500.0,,,1670709,1
